,case,event,startTime,completeTime,amount,paymentAmount,expense,article,notificationType,matricola,vehicleClass,totalPaymentAmount,lastSent,dismissal,points
536552,V11360,Create Fine,2003/04/01 00:00:00.000,2003/04/01 00:00:00.000,137.55,,,142,,,A,0.0,,NIL,0
536563,V11365,Create Fine,2003/04/01 00:00:00.000,2003/04/01 00:00:00.000,137.55,,,142,,,A,0.0,,NIL,0
534703,V10418,Add penalty,2003/04/01 00:00:00.000,2003/04/01 00:00:00.000,262.0,,15.16,142,P,,A,0.0,N,NIL,0
536569,V11366,Create Fine,2003/04/01 00:00:00.000,2003/04/01 00:00:00.000,343.35,,,142,,,A,0.0,,NIL,0
86587,C14520,Payment,2003/04/01 00:00:00.000,2003/04/01 00:00:00.000,131.0,80.16,15.16,41,P,,A,80.16,N,NIL,0
513709,S86263,Payment,2003/04/01 00:00:00.000,2003/04/01 00:00:00.000,33.6,33.6,,7,,,A,33.6,,NIL,0
536550,V11342,Create Fine,2003/04/01 00:00:00.000,2003/04/01 00:00:00.000,137.55,,,142,,,A,0.0,,NIL,0
171402,N46108,Payment,2003/04/01 00:00:00.000,2003/04/01 00:00:00.000,65.5,47.16,10.0,157,P,,A,47.16,N,NIL,0
162897,N42828,Payment,2003/04/01 00:00:00.000,2003/04/01 00:00:00.000,65.5,77.0,13.0,157,P,,A,77.0,N,NIL,0
536542,V11338,Create Fine,2003/04/01 00:00:00.000,2003/04/01 00:00:00.000,137.55,,,142,,,A,0.0,,NIL,0
431668,S43897,Create Fine,2003/04/01 00:00:00.000,2003/04/01 00:00:00.000,68.25,,,158,,,A,0.0,,NIL,0
560240,V9525,Notify Result Appeal to Offender,2003/04/01 00:00:00.000,2003/04/01 00:00:00.000,262.0,,13.0,142,P,,M,0.0,N,NIL,0
559498,V9212,Notify Result Appeal to Offender,2003/04/01 00:00:00.000,2003/04/01 00:00:00.000,262.0,,13.0,142,P,,A,0.0,N,NIL,0
176367,N48327,Create Fine,2003/04/01 00:00:00.000,2003/04/01 00:00:00.000,33.6,,,157,,,A,0.0,,NIL,0
168983,N45169,Insert Date Appeal to Prefecture,2003/04/01 00:00:00.000,2003/04/01 00:00:00.000,65.5,,16.0,157,P,,A,0.0,N,NIL,0
176369,N48328,Create Fine,2003/04/01 00:00:00.000,2003/04/01 00:00:00.000,33.6,,,157,,,A,0.0,,NIL,0
163803,N43129,Notify Result Appeal to Offender,2003/04/01 00:00:00.000,2003/04/01 00:00:00.000,65.5,,13.0,157,P,,A,0.0,N,NIL,0
503702,S79926,Payment,2003/04/01 00:00:00.000,2003/04/01 00:00:00.000,65.5,75.5,10.0,158,P,,A,75.5,N,NIL,0
536558,V11362,Create Fine,2003/04/01 00:00:00.000,2003/04/01 00:00:00.000,137.55,,,142,,,A,0.0,,NIL,0
175839,N48088,Create Fine,2003/04/01 00:00:00.000,2003/04/01 00:00:00.000,33.6,,,157,,,A,0.0,,NIL,0
175841,N48090,Create Fine,2003/04/01 00:00:00.000,2003/04/01 00:00:00.000,33.6,,,157,,,A,0.0,,NIL,0
560766,V9715,Payment,2003/04/01 00:00:00.000,2003/04/01 00:00:00.000,655.5,665.5,10.0,142,P,0.0,A,665.5,N,NIL,0
536548,V11339,Create Fine,2003/04/01 00:00:00.000,2003/04/01 00:00:00.000,137.55,,,142,,,A,0.0,,NIL,0
536537,V11331,Create Fine,2003/04/01 00:00:00.000,2003/04/01 00:00:00.000,137.55,,,142,,,A,0.0,,NIL,0
175834,N48087,Create Fine,2003/04/01 00:00:00.000,2003/04/01 00:00:00.000,33.6,,,157,,,A,0.0,,NIL,0
175848,N48094,Create Fine,2003/04/01 00:00:00.000,2003/04/01 00:00:00.000,19.95,,,7,,,A,0.0,,NIL,0
503681,S79911,Payment,2003/04/01 00:00:00.000,2003/04/01 00:00:00.000,65.5,75.5,10.0,158,P,,A,75.5,N,NIL,0
176102,N48210,Create Fine,2003/04/01 00:00:00.000,2003/04/01 00:00:00.000,33.6,,,157,,,A,0.0,,NIL,0
513157,S86005,Payment,2003/04/01 00:00:00.000,2003/04/01 00:00:00.000,33.6,33.6,,157,,,A,33.6,,NIL,0
169593,N45398,Add penalty,2003/04/01 00:00:00.000,2003/04/01 00:00:00.000,65.5,,15.16,157,P,,A,0.0,N,NIL,0
513643,S86232,Payment,2003/04/01 00:00:00.000,2003/04/01 00:00:00.000,33.6,33.6,,157,,,A,33.6,,NIL,0
171290,N46072,Add penalty,2003/04/01 00:00:00.000,2003/04/01 00:00:00.000,65.5,,15.16,157,P,,A,0.0,N,NIL,0
513623,S86221,Payment,2003/04/01 00:00:00.000,2003/04/01 00:00:00.000,33.6,33.6,,157,,,A,33.6,,NIL,0
175111,N47819,Payment,2003/04/01 00:00:00.000,2003/04/01 00:00:00.000,33.6,33.6,,157,,,A,33.6,,NIL,0
539448,V12566,Create Fine,2003/04/01 00:00:00.000,2003/04/01 00:00:00.000,137.55,,,142,,,A,0.0,,NIL,0
87664,C15096,Create Fine,2003/04/01 00:00:00.000,2003/04/01 00:00:00.000,137.55,,,142,,,A,0.0,,NIL,0
503764,S79977,Create Fine,2003/04/01 00:00:00.000,2003/04/01 00:00:00.000,33.6,,,7,,,A,0.0,,NIL,0
492214,S74232,Notify Result Appeal to Offender,2003/04/01 00:00:00.000,2003/04/01 00:00:00.000,65.5,,13.0,7,P,,M,0.0,N,NIL,0
171325,N46084,Add penalty,2003/04/01 00:00:00.000,2003/04/01 00:00:00.000,65.5,,15.16,157,P,,A,0.0,N,NIL,0
176391,N48336,Create Fine,2003/04/02 00:00:00.000,2003/04/02 00:00:00.000,19.95,,,7,,,A,0.0,,NIL,0
536646,V11416,Create Fine,2003/04/02 00:00:00.000,2003/04/02 00:00:00.000,137.55,,,142,,,A,0.0,,NIL,0
176386,N48335,Create Fine,2003/04/02 00:00:00.000,2003/04/02 00:00:00.000,19.95,,,7,,,A,0.0,,NIL,0
536656,V11429,Create Fine,2003/04/02 00:00:00.000,2003/04/02 00:00:00.000,137.55,,,142,,,A,0.0,,NIL,0
536628,V11405,Create Fine,2003/04/02 00:00:00.000,2003/04/02 00:00:00.000,137.55,,,142,,,A,0.0,,NIL,0
536677,V11442,Create Fine,2003/04/02 00:00:00.000,2003/04/02 00:00:00.000,137.55,,,142,,,A,0.0,,NIL,0
513458,S86135,Create Fine,2003/04/02 00:00:00.000,2003/04/02 00:00:00.000,33.6,,,158,,,A,0.0,,NIL,0
536635,V11413,Create Fine,2003/04/02 00:00:00.000,2003/04/02 00:00:00.000,137.55,,,142,,,A,0.0,,NIL,0
536702,V11453,Create Fine,2003/04/02 00:00:00.000,2003/04/02 00:00:00.000,137.55,,,142,,,A,0.0,,NIL,0
170410,N45717,Add penalty,2003/04/02 00:00:00.000,2003/04/02 00:00:00.000,65.5,42.0,15.16,157,P,,A,42.0,N,NIL,0
536626,V11400,Create Fine,2003/04/02 00:00:00.000,2003/04/02 00:00:00.000,137.55,,,142,,,A,0.0,,NIL,0
536697,V11452,Create Fine,2003/04/02 00:00:00.000,2003/04/02 00:00:00.000,137.55,,,142,,,A,0.0,,NIL,0
536633,V11408,Create Fine,2003/04/02 00:00:00.000,2003/04/02 00:00:00.000,137.55,,,142,,,A,0.0,,NIL,0
536641,V11415,Create Fine,2003/04/02 00:00:00.000,2003/04/02 00:00:00.000,137.55,,,142,,,A,0.0,,NIL,0
536682,V11443,Create Fine,2003/04/02 00:00:00.000,2003/04/02 00:00:00.000,137.55,,,142,,,A,0.0,,NIL,0
175846,N48092,Create Fine,2003/04/02 00:00:00.000,2003/04/02 00:00:00.000,33.6,,,157,,,A,0.0,,NIL,0
175847,N48092,Payment,2003/04/02 00:00:00.000,2003/04/02 00:00:00.000,33.6,33.6,,157,,,A,33.6,,NIL,0
160852,N42068,Payment,2003/04/02 00:00:00.000,2003/04/02 00:00:00.000,65.5,64.0,13.0,157,P,,A,64.0,N,NIL,0
536651,V11418,Create Fine,2003/04/02 00:00:00.000,2003/04/02 00:00:00.000,137.55,,,142,,,A,0.0,,NIL,0
165909,N43871,Notify Result Appeal to Offender,2003/04/02 00:00:00.000,2003/04/02 00:00:00.000,65.5,,13.0,157,P,,A,0.0,N,NIL,0
157063,N40442,Create Fine,2003/04/02 00:00:00.000,2003/04/02 00:00:00.000,33.6,,,157,,,A,0.0,,NIL,0
536661,V11433,Create Fine,2003/04/02 00:00:00.000,2003/04/02 00:00:00.000,137.55,,,142,,,A,0.0,,NIL,0
176371,N48330,Create Fine,2003/04/02 00:00:00.000,2003/04/02 00:00:00.000,33.6,,,157,,,A,0.0,,NIL,0
175752,N48050,Payment,2003/04/02 00:00:00.000,2003/04/02 00:00:00.000,33.6,33.6,,157,,,A,33.6,,NIL,0
536666,V11434,Create Fine,2003/04/02 00:00:00.000,2003/04/02 00:00:00.000,137.55,,,142,,,A,0.0,,NIL,0
513351,S86080,Payment,2003/04/02 00:00:00.000,2003/04/02 00:00:00.000,33.6,33.6,,157,,,A,33.6,,NIL,0
176112,N48216,Create Fine,2003/04/02 00:00:00.000,2003/04/02 00:00:00.000,33.6,,,157,,,A,0.0,,NIL,0
489194,S73047,Payment,2003/04/02 00:00:00.000,2003/04/02 00:00:00.000,32.0,47.16,10.0,158,,,A,47.16,,NIL,0
176376,N48331,Create Fine,2003/04/02 00:00:00.000,2003/04/02 00:00:00.000,33.6,,,157,,,A,0.0,,NIL,0
513368,S86095,Create Fine,2003/04/02 00:00:00.000,2003/04/02 00:00:00.000,33.6,,,157,,,A,0.0,,NIL,0
501243,S78323,Payment,2003/04/02 00:00:00.000,2003/04/02 00:00:00.000,65.5,75.5,10.0,7,P,,A,75.5,N,NIL,0
536692,V11449,Create Fine,2003/04/02 00:00:00.000,2003/04/02 00:00:00.000,137.55,,,142,,,A,0.0,,NIL,0
536672,V11435,Create Fine,2003/04/02 00:00:00.000,2003/04/02 00:00:00.000,137.55,,,142,,,M,0.0,,NIL,0
513370,S86096,Create Fine,2003/04/02 00:00:00.000,2003/04/02 00:00:00.000,68.25,,,158,,,A,0.0,,NIL,0
501218,S78315,Payment,2003/04/02 00:00:00.000,2003/04/02 00:00:00.000,65.5,75.5,10.0,7,P,,A,75.5,N,NIL,0
536687,V11444,Create Fine,2003/04/02 00:00:00.000,2003/04/02 00:00:00.000,137.55,,,142,,,A,0.0,,NIL,0
171489,N46170,Add penalty,2003/04/03 00:00:00.000,2003/04/03 00:00:00.000,65.5,,15.16,157,P,,A,0.0,N,NIL,0
170971,N45964,Add penalty,2003/04/03 00:00:00.000,2003/04/03 00:00:00.000,39.0,,15.16,7,P,,A,0.0,N,NIL,0
169491,N45368,Add penalty,2003/04/03 00:00:00.000,2003/04/03 00:00:00.000,65.5,,15.16,157,P,,A,0.0,N,NIL,0
171264,N46066,Add penalty,2003/04/03 00:00:00.000,2003/04/03 00:00:00.000,65.5,,15.16,157,P,,A,0.0,N,NIL,0
170273,N45670,Add penalty,2003/04/03 00:00:00.000,2003/04/03 00:00:00.000,65.5,,15.16,157,P,,A,0.0,N,NIL,0
503346,S79709,Add penalty,2003/04/03 00:00:00.000,2003/04/03 00:00:00.000,65.5,,15.16,7,P,,A,0.0,N,NIL,0
171023,N45979,Add penalty,2003/04/03 00:00:00.000,2003/04/03 00:00:00.000,65.5,,15.16,157,P,,A,0.0,N,NIL,0
176381,N48334,Create Fine,2003/04/03 00:00:00.000,2003/04/03 00:00:00.000,33.6,,,157,,,A,0.0,,NIL,0
431526,S43806,Add penalty,2003/04/03 00:00:00.000,2003/04/03 00:00:00.000,65.5,,15.16,7,P,,A,0.0,N,NIL,0
159079,N41357,Payment,2003/04/03 00:00:00.000,2003/04/03 00:00:00.000,65.5,32.0,10.0,157,P,0.0,A,32.0,N,NIL,0
171479,N46163,Add penalty,2003/04/03 00:00:00.000,2003/04/03 00:00:00.000,65.5,,15.16,157,P,,A,0.0,N,NIL,0
513659,S86239,Create Fine,2003/04/03 00:00:00.000,2003/04/03 00:00:00.000,33.6,,,7,,,A,0.0,,NIL,0
513661,S86240,Create Fine,2003/04/03 00:00:00.000,2003/04/03 00:00:00.000,33.6,,,7,,,A,0.0,,NIL,0
157072,N40446,Create Fine,2003/04/03 00:00:00.000,2003/04/03 00:00:00.000,33.6,,,158,,,A,0.0,,NIL,0
157062,N40439,Payment,2003/04/03 00:00:00.000,2003/04/03 00:00:00.000,33.6,33.6,,157,,,A,33.6,,NIL,0
157074,N40447,Create Fine,2003/04/03 00:00:00.000,2003/04/03 00:00:00.000,33.6,,,157,,,A,0.0,,NIL,0
157060,N40435,Payment,2003/04/03 00:00:00.000,2003/04/03 00:00:00.000,33.6,33.6,,157,,,A,33.6,,NIL,0
170566,N45783,Add penalty,2003/04/03 00:00:00.000,2003/04/03 00:00:00.000,39.0,,15.16,7,P,,A,0.0,N,NIL,0
157079,N40448,Create Fine,2003/04/03 00:00:00.000,2003/04/03 00:00:00.000,33.6,,,157,,,A,0.0,,NIL,0
157084,N40449,Create Fine,2003/04/03 00:00:00.000,2003/04/03 00:00:00.000,33.6,,,157,,,A,0.0,,NIL,0
171396,N46107,Add penalty,2003/04/03 00:00:00.000,2003/04/03 00:00:00.000,65.5,,15.16,157,P,,A,0.0,N,NIL,0
83766,C12990,Payment,2003/04/03 00:00:00.000,2003/04/03 00:00:00.000,19.0,29.0,,180,,,C,29.0,,NIL,0
168972,N45164,Add penalty,2003/04/03 00:00:00.000,2003/04/03 00:00:00.000,65.5,,15.16,157,P,,A,0.0,N,NIL,0
513654,S86238,Create Fine,2003/04/03 00:00:00.000,2003/04/03 00:00:00.000,33.6,,,7,,,A,0.0,,NIL,0
170652,N45824,Add penalty,2003/04/03 00:00:00.000,2003/04/03 00:00:00.000,65.5,,15.16,157,P,,A,0.0,N,NIL,0
157089,N40450,Create Fine,2003/04/03 00:00:00.000,2003/04/03 00:00:00.000,33.6,,,157,,,A,0.0,,NIL,0
535042,V10548,Add penalty,2003/04/03 00:00:00.000,2003/04/03 00:00:00.000,262.0,,15.16,142,P,,A,0.0,N,NIL,0
167346,N44408,Notify Result Appeal to Offender,2003/04/03 00:00:00.000,2003/04/03 00:00:00.000,65.5,,13.0,157,P,,A,0.0,N,NIL,0
171103,N46012,Add penalty,2003/04/03 00:00:00.000,2003/04/03 00:00:00.000,65.5,,15.16,157,P,,A,0.0,N,NIL,0
513380,S86100,Create Fine,2003/04/03 00:00:00.000,2003/04/03 00:00:00.000,33.6,,,7,,,A,0.0,,NIL,0
170189,N45639,Add penalty,2003/04/03 00:00:00.000,2003/04/03 00:00:00.000,65.5,,15.16,157,P,,A,0.0,N,NIL,0
171007,N45974,Add penalty,2003/04/03 00:00:00.000,2003/04/03 00:00:00.000,65.5,,15.16,157,P,,A,0.0,N,NIL,0
485065,S71167,Add penalty,2003/04/03 00:00:00.000,2003/04/03 00:00:00.000,65.5,,15.16,158,P,,A,0.0,N,NIL,0
167268,N44378,Add penalty,2003/04/03 00:00:00.000,2003/04/03 00:00:00.000,65.5,,20.32,157,P,,A,0.0,N,NIL,0
169811,N45496,Add penalty,2003/04/03 00:00:00.000,2003/04/03 00:00:00.000,65.5,,15.16,157,P,,A,0.0,N,NIL,0
169042,N45198,Add penalty,2003/04/03 00:00:00.000,2003/04/03 00:00:00.000,65.5,,15.16,157,P,,A,0.0,N,NIL,0
87467,C15020,Add penalty,2003/04/03 00:00:00.000,2003/04/03 00:00:00.000,65.5,,15.16,7,P,,A,0.0,N,NIL,0
170961,N45961,Add penalty,2003/04/03 00:00:00.000,2003/04/03 00:00:00.000,65.5,,15.16,157,P,,A,0.0,N,NIL,0
485046,S71160,Add penalty,2003/04/03 00:00:00.000,2003/04/03 00:00:00.000,65.5,,15.16,158,P,,A,0.0,N,NIL,0
168586,N44983,Add penalty,2003/04/03 00:00:00.000,2003/04/03 00:00:00.000,65.5,,25.48,157,P,,A,0.0,N,NIL,0
175811,N48075,Payment,2003/04/03 00:00:00.000,2003/04/03 00:00:00.000,33.6,33.6,,157,,,A,33.6,,NIL,0
170262,N45666,Add penalty,2003/04/03 00:00:00.000,2003/04/03 00:00:00.000,65.5,,15.16,157,P,,A,0.0,N,NIL,0
87681,C15106,Create Fine,2003/04/03 00:00:00.000,2003/04/03 00:00:00.000,33.6,,,171,,,C,0.0,,NIL,0
513375,S86099,Create Fine,2003/04/03 00:00:00.000,2003/04/03 00:00:00.000,33.6,,,7,,,A,0.0,,NIL,0
169479,N45363,Add penalty,2003/04/03 00:00:00.000,2003/04/03 00:00:00.000,65.5,,15.16,157,P,,A,0.0,N,NIL,0
158707,N41195,Add penalty,2003/04/03 00:00:00.000,2003/04/03 00:00:00.000,65.5,,15.16,157,P,,A,0.0,N,NIL,0
171042,N45986,Add penalty,2003/04/03 00:00:00.000,2003/04/03 00:00:00.000,65.5,,15.16,157,P,,A,0.0,N,NIL,0
534880,V10485,Add penalty,2003/04/03 00:00:00.000,2003/04/03 00:00:00.000,262.0,,15.16,142,P,,A,0.0,N,NIL,0
535213,V10621,Add penalty,2003/04/03 00:00:00.000,2003/04/03 00:00:00.000,262.0,,15.16,142,P,,A,0.0,N,NIL,0
170320,N45681,Add penalty,2003/04/03 00:00:00.000,2003/04/03 00:00:00.000,65.5,,15.16,157,P,,A,0.0,N,NIL,0
170966,N45963,Add penalty,2003/04/03 00:00:00.000,2003/04/03 00:00:00.000,65.5,,15.16,157,P,,A,0.0,N,NIL,0
157070,N40445,Create Fine,2003/04/03 00:00:00.000,2003/04/03 00:00:00.000,33.6,,,157,,,A,0.0,,NIL,0
499170,S77218,Payment,2003/04/03 00:00:00.000,2003/04/03 00:00:00.000,65.5,15.16,15.16,158,P,,A,47.16,N,NIL,0
169006,N45176,Add penalty,2003/04/03 00:00:00.000,2003/04/03 00:00:00.000,65.5,,15.16,157,P,,A,0.0,N,NIL,0
158646,N41176,Add penalty,2003/04/03 00:00:00.000,2003/04/03 00:00:00.000,65.5,,20.32,157,P,,A,0.0,N,NIL,0
499863,S77539,Create Fine,2003/04/03 00:00:00.000,2003/04/03 00:00:00.000,33.6,,,157,,,A,0.0,,NIL,0
513671,S86242,Create Fine,2003/04/03 00:00:00.000,2003/04/03 00:00:00.000,33.6,,,158,,,A,0.0,,NIL,0
536707,V11457,Create Fine,2003/04/03 00:00:00.000,2003/04/03 00:00:00.000,137.55,,,142,,,A,0.0,,NIL,0
513460,S86136,Create Fine,2003/04/03 00:00:00.000,2003/04/03 00:00:00.000,68.25,,,158,,,A,0.0,,NIL,0
171160,N46030,Add penalty,2003/04/03 00:00:00.000,2003/04/03 00:00:00.000,65.5,,15.16,157,P,,A,0.0,N,NIL,0
171200,N46043,Add penalty,2003/04/03 00:00:00.000,2003/04/03 00:00:00.000,65.5,,15.16,157,P,,A,0.0,N,NIL,0
170794,N45887,Add penalty,2003/04/03 00:00:00.000,2003/04/03 00:00:00.000,65.5,,15.16,157,P,,A,0.0,N,NIL,0
535139,V10589,Add penalty,2003/04/03 00:00:00.000,2003/04/03 00:00:00.000,262.0,,15.16,142,P,,A,0.0,N,NIL,0
169569,N45390,Add penalty,2003/04/03 00:00:00.000,2003/04/03 00:00:00.000,65.5,42.0,15.16,157,P,,A,42.0,N,NIL,0
161129,N42170,Notify Result Appeal to Offender,2003/04/03 00:00:00.000,2003/04/03 00:00:00.000,65.5,,13.0,157,P,,A,0.0,N,NIL,0
170614,N45806,Add penalty,2003/04/03 00:00:00.000,2003/04/03 00:00:00.000,65.5,,15.16,157,P,,A,0.0,N,NIL,0
535124,V10582,Add penalty,2003/04/03 00:00:00.000,2003/04/03 00:00:00.000,262.0,,15.16,142,P,,A,0.0,N,NIL,0
513465,S86137,Create Fine,2003/04/03 00:00:00.000,2003/04/03 00:00:00.000,33.6,,,157,,,A,0.0,,NIL,0
534793,V10451,Add penalty,2003/04/03 00:00:00.000,2003/04/03 00:00:00.000,262.0,,15.16,142,P,,A,0.0,N,NIL,0
535250,V10635,Add penalty,2003/04/03 00:00:00.000,2003/04/03 00:00:00.000,262.0,,15.16,142,P,,A,0.0,N,NIL,0
170911,N45926,Add penalty,2003/04/03 00:00:00.000,2003/04/03 00:00:00.000,65.5,,15.16,157,P,,A,0.0,N,NIL,0
165930,N43876,Notify Result Appeal to Offender,2003/04/03 00:00:00.000,2003/04/03 00:00:00.000,65.5,,13.0,157,P,,A,0.0,N,NIL,0
170363,N45697,Add penalty,2003/04/03 00:00:00.000,2003/04/03 00:00:00.000,65.5,,15.16,157,P,,A,0.0,N,NIL,0
171230,N46053,Add penalty,2003/04/03 00:00:00.000,2003/04/03 00:00:00.000,65.5,,15.16,157,P,,A,0.0,N,NIL,0
167747,N44541,Notify Result Appeal to Offender,2003/04/03 00:00:00.000,2003/04/03 00:00:00.000,65.5,,13.0,157,P,,A,0.0,N,NIL,0
170928,N45934,Add penalty,2003/04/03 00:00:00.000,2003/04/03 00:00:00.000,65.5,,15.16,157,P,,A,0.0,N,NIL,0
171300,N46077,Add penalty,2003/04/03 00:00:00.000,2003/04/03 00:00:00.000,65.5,,15.16,157,P,,A,0.0,N,NIL,0
499857,S77537,Create Fine,2003/04/03 00:00:00.000,2003/04/03 00:00:00.000,33.6,,,171,,,M,0.0,,NIL,0
169449,N45355,Add penalty,2003/04/03 00:00:00.000,2003/04/03 00:00:00.000,65.5,,15.16,157,P,,A,0.0,N,NIL,0
88859,C16021,Add penalty,2003/04/03 00:00:00.000,2003/04/03 00:00:00.000,65.5,,15.16,7,P,,A,0.0,N,NIL,0
513666,S86241,Create Fine,2003/04/03 00:00:00.000,2003/04/03 00:00:00.000,33.6,,,158,,,A,0.0,,NIL,0
534885,V10486,Add penalty,2003/04/03 00:00:00.000,2003/04/03 00:00:00.000,262.0,,15.16,142,P,,A,0.0,N,NIL,0
170768,N45873,Add penalty,2003/04/03 00:00:00.000,2003/04/03 00:00:00.000,65.5,,15.16,157,P,,A,0.0,N,NIL,0
171072,N45998,Add penalty,2003/04/03 00:00:00.000,2003/04/03 00:00:00.000,65.5,,15.16,158,P,,A,0.0,N,NIL,0
503280,S79670,Add penalty,2003/04/03 00:00:00.000,2003/04/03 00:00:00.000,65.5,,15.16,7,P,,A,0.0,N,NIL,0
495453,S75607,Payment,2003/04/03 00:00:00.000,2003/04/03 00:00:00.000,65.5,33.5,10.0,7,P,,A,75.5,N,NIL,0
501186,S78306,Payment,2003/04/03 00:00:00.000,2003/04/03 00:00:00.000,65.5,42.0,10.0,158,P,,A,42.0,N,NIL,0
176116,N48221,Create Fine,2003/04/03 00:00:00.000,2003/04/03 00:00:00.000,33.6,,,157,,,A,0.0,,NIL,0
534926,V10501,Add penalty,2003/04/03 00:00:00.000,2003/04/03 00:00:00.000,262.0,,15.16,142,P,,A,0.0,N,NIL,0
172113,N46503,Add penalty,2003/04/03 00:00:00.000,2003/04/03 00:00:00.000,65.5,,15.16,157,P,,A,0.0,N,NIL,0
535094,V10570,Add penalty,2003/04/03 00:00:00.000,2003/04/03 00:00:00.000,262.0,,15.16,142,P,,A,0.0,N,NIL,0
503264,S79667,Add penalty,2003/04/03 00:00:00.000,2003/04/03 00:00:00.000,65.5,,15.16,158,P,,A,0.0,N,NIL,0
169706,N45440,Add penalty,2003/04/03 00:00:00.000,2003/04/03 00:00:00.000,65.5,,15.16,157,P,,A,0.0,N,NIL,0
503293,S79674,Add penalty,2003/04/03 00:00:00.000,2003/04/03 00:00:00.000,65.5,,15.16,7,P,,A,0.0,N,NIL,0
176370,N48328,Payment,2003/04/03 00:00:00.000,2003/04/03 00:00:00.000,33.6,33.6,,157,,,A,33.6,,NIL,0
176114,N48218,Create Fine,2003/04/03 00:00:00.000,2003/04/03 00:00:00.000,33.6,,,157,,,A,0.0,,NIL,0
502582,S79298,Create Fine,2003/04/04 00:00:00.000,2003/04/04 00:00:00.000,33.6,,,157,,,A,0.0,,NIL,0
169677,N45430,Add penalty,2003/04/04 00:00:00.000,2003/04/04 00:00:00.000,65.5,,15.16,157,P,,A,0.0,N,NIL,0
503303,S79678,Add penalty,2003/04/04 00:00:00.000,2003/04/04 00:00:00.000,65.5,,15.16,7,P,,A,0.0,N,NIL,0
171494,N46171,Add penalty,2003/04/04 00:00:00.000,2003/04/04 00:00:00.000,65.5,,15.16,157,P,,A,0.0,N,NIL,0
87665,C15096,Payment,2003/04/04 00:00:00.000,2003/04/04 00:00:00.000,137.55,137.55,,142,,,A,137.55,,NIL,0
503062,S79519,Add penalty,2003/04/04 00:00:00.000,2003/04/04 00:00:00.000,65.5,,15.16,43,P,,A,0.0,N,NIL,0
169486,N45366,Add penalty,2003/04/04 00:00:00.000,2003/04/04 00:00:00.000,65.5,,15.16,157,P,,A,0.0,N,NIL,0
170204,N45645,Add penalty,2003/04/04 00:00:00.000,2003/04/04 00:00:00.000,65.5,,15.16,157,P,,A,0.0,N,NIL,0
170833,N45906,Add penalty,2003/04/04 00:00:00.000,2003/04/04 00:00:00.000,65.5,,15.16,157,P,,A,0.0,N,NIL,0
503055,S79517,Add penalty,2003/04/04 00:00:00.000,2003/04/04 00:00:00.000,65.5,,15.16,158,P,,A,0.0,N,NIL,0
167748,N44541,Appeal to Judge,2003/04/04 00:00:00.000,2003/04/04 00:00:00.000,65.5,,13.0,157,P,0.0,A,0.0,N,NIL,0
513369,S86095,Payment,2003/04/04 00:00:00.000,2003/04/04 00:00:00.000,33.6,33.6,,157,,,A,33.6,,NIL,0
168876,N45124,Add penalty,2003/04/04 00:00:00.000,2003/04/04 00:00:00.000,65.5,,15.16,158,P,,A,0.0,N,NIL,0
171414,N46114,Add penalty,2003/04/04 00:00:00.000,2003/04/04 00:00:00.000,65.5,,15.16,157,P,,A,0.0,N,NIL,0
171345,N46090,Add penalty,2003/04/04 00:00:00.000,2003/04/04 00:00:00.000,65.5,,15.16,157,P,,A,0.0,N,NIL,0
503200,S79597,Add penalty,2003/04/04 00:00:00.000,2003/04/04 00:00:00.000,65.5,,15.16,158,P,,A,0.0,N,NIL,0
87589,C15071,Create Fine,2003/04/04 00:00:00.000,2003/04/04 00:00:00.000,68.25,,,145,,,A,0.0,,NIL,0
166121,N43965,Payment,2003/04/04 00:00:00.000,2003/04/04 00:00:00.000,65.5,42.0,10.0,157,P,,A,42.0,N,NIL,0
492793,S74500,Add penalty,2003/04/04 00:00:00.000,2003/04/04 00:00:00.000,65.5,,15.16,158,P,,A,0.0,N,NIL,0
172108,N46501,Add penalty,2003/04/04 00:00:00.000,2003/04/04 00:00:00.000,65.5,,15.16,157,P,,A,0.0,N,NIL,0
501917,S78817,Add penalty,2003/04/04 00:00:00.000,2003/04/04 00:00:00.000,65.5,,15.16,7,P,,A,0.0,N,NIL,0
168925,N45139,Add penalty,2003/04/04 00:00:00.000,2003/04/04 00:00:00.000,65.5,,15.16,157,P,,A,0.0,N,NIL,0
171456,N46151,Add penalty,2003/04/04 00:00:00.000,2003/04/04 00:00:00.000,39.0,,15.16,7,P,,A,0.0,N,NIL,0
535014,V10538,Add penalty,2003/04/04 00:00:00.000,2003/04/04 00:00:00.000,262.0,,15.16,142,P,,A,0.0,N,NIL,0
170519,N45770,Add penalty,2003/04/04 00:00:00.000,2003/04/04 00:00:00.000,65.5,,15.16,157,P,,A,0.0,N,NIL,0
503856,S80057,Create Fine,2003/04/04 00:00:00.000,2003/04/04 00:00:00.000,68.25,,,41,,,A,0.0,,NIL,0
170916,N45927,Add penalty,2003/04/04 00:00:00.000,2003/04/04 00:00:00.000,65.5,,15.16,157,P,,A,0.0,N,NIL,0
500800,S77985,Add penalty,2003/04/04 00:00:00.000,2003/04/04 00:00:00.000,65.5,,20.32,7,P,,A,0.0,N,NIL,0
171504,N46173,Add penalty,2003/04/04 00:00:00.000,2003/04/04 00:00:00.000,65.5,,15.16,157,P,,A,0.0,N,NIL,0
168909,N45135,Add penalty,2003/04/04 00:00:00.000,2003/04/04 00:00:00.000,131.0,,15.16,158,P,,A,0.0,N,NIL,0
169532,N45383,Add penalty,2003/04/04 00:00:00.000,2003/04/04 00:00:00.000,65.5,,15.16,157,P,,A,0.0,N,NIL,0
171295,N46075,Add penalty,2003/04/04 00:00:00.000,2003/04/04 00:00:00.000,65.5,,15.16,157,P,,A,0.0,N,NIL,0
503226,S79651,Add penalty,2003/04/04 00:00:00.000,2003/04/04 00:00:00.000,65.5,,15.16,7,P,,A,0.0,N,NIL,0
534774,V10447,Add penalty,2003/04/04 00:00:00.000,2003/04/04 00:00:00.000,262.0,,10.0,142,P,,A,0.0,N,NIL,0
169423,N45349,Add penalty,2003/04/04 00:00:00.000,2003/04/04 00:00:00.000,65.5,,15.16,157,P,,A,0.0,N,NIL,0
534681,V10410,Add penalty,2003/04/04 00:00:00.000,2003/04/04 00:00:00.000,262.0,,15.16,142,P,,M,0.0,N,NIL,0
170397,N45713,Add penalty,2003/04/04 00:00:00.000,2003/04/04 00:00:00.000,65.5,,15.16,157,P,,A,0.0,N,NIL,0
168930,N45141,Add penalty,2003/04/04 00:00:00.000,2003/04/04 00:00:00.000,65.5,,15.16,157,P,,A,0.0,N,NIL,0
513584,S86203,Payment,2003/04/04 00:00:00.000,2003/04/04 00:00:00.000,33.6,33.6,,157,,,A,33.6,,NIL,0
169645,N45417,Add penalty,2003/04/04 00:00:00.000,2003/04/04 00:00:00.000,65.5,,15.16,157,P,,A,0.0,N,NIL,0
170283,N45673,Add penalty,2003/04/04 00:00:00.000,2003/04/04 00:00:00.000,65.5,,15.16,157,P,,A,0.0,N,NIL,0
503269,S79668,Add penalty,2003/04/04 00:00:00.000,2003/04/04 00:00:00.000,131.0,,15.16,41,P,,A,0.0,N,NIL,0
171499,N46172,Add penalty,2003/04/04 00:00:00.000,2003/04/04 00:00:00.000,65.5,,15.16,157,P,,A,0.0,N,NIL,0
534676,V10405,Add penalty,2003/04/04 00:00:00.000,2003/04/04 00:00:00.000,262.0,,10.0,142,P,,A,0.0,N,NIL,0
155756,N39936,Payment,2003/04/04 00:00:00.000,2003/04/04 00:00:00.000,65.5,75.5,10.0,157,P,,A,75.5,N,NIL,0
170890,N45921,Add penalty,2003/04/04 00:00:00.000,2003/04/04 00:00:00.000,65.5,,15.16,157,P,,A,0.0,N,NIL,0
170983,N45969,Add penalty,2003/04/04 00:00:00.000,2003/04/04 00:00:00.000,65.5,,15.16,157,P,,A,0.0,N,NIL,0
170619,N45807,Add penalty,2003/04/04 00:00:00.000,2003/04/04 00:00:00.000,39.0,,15.16,7,P,,A,0.0,N,NIL,0
535114,V10578,Add penalty,2003/04/04 00:00:00.000,2003/04/04 00:00:00.000,262.0,,15.16,142,P,,A,0.0,N,NIL,0
557861,V8571,Payment,2003/04/04 00:00:00.000,2003/04/04 00:00:00.000,262.4,137.91,6.71,142,P,,A,137.91,N,NIL,0
175850,N48095,Create Fine,2003/04/04 00:00:00.000,2003/04/04 00:00:00.000,33.6,,,157,,,A,0.0,,NIL,0
503716,S79936,Add penalty,2003/04/04 00:00:00.000,2003/04/04 00:00:00.000,65.5,,15.16,158,P,,A,0.0,N,NIL,0
169715,N45448,Add penalty,2003/04/04 00:00:00.000,2003/04/04 00:00:00.000,65.5,,15.16,157,P,,A,0.0,N,NIL,0
535109,V10577,Add penalty,2003/04/04 00:00:00.000,2003/04/04 00:00:00.000,262.0,,15.16,142,P,,A,0.0,N,NIL,0
170180,N45636,Add penalty,2003/04/04 00:00:00.000,2003/04/04 00:00:00.000,65.5,,15.16,157,P,,A,0.0,N,NIL,0
539449,V12566,Payment,2003/04/04 00:00:00.000,2003/04/04 00:00:00.000,137.55,137.55,,142,,,A,137.55,,NIL,0
158701,N41192,Add penalty,2003/04/04 00:00:00.000,2003/04/04 00:00:00.000,65.5,,16.0,157,P,,A,0.0,N,NIL,0
169563,N45389,Add penalty,2003/04/04 00:00:00.000,2003/04/04 00:00:00.000,65.5,,15.16,157,P,,A,0.0,N,NIL,0
171359,N46098,Add penalty,2003/04/04 00:00:00.000,2003/04/04 00:00:00.000,65.5,,15.16,157,P,,A,0.0,N,NIL,0
157073,N40446,Payment,2003/04/04 00:00:00.000,2003/04/04 00:00:00.000,33.6,33.6,,158,,,A,33.6,,NIL,0
513710,S86266,Create Fine,2003/04/04 00:00:00.000,2003/04/04 00:00:00.000,68.25,,,158,,,A,0.0,,NIL,0
175875,N48106,Create Fine,2003/04/04 00:00:00.000,2003/04/04 00:00:00.000,19.95,,,7,,,A,0.0,,NIL,0
485111,S71180,Add penalty,2003/04/05 00:00:00.000,2003/04/05 00:00:00.000,65.5,,15.16,158,P,,A,0.0,N,NIL,0
176134,N48227,Create Fine,2003/04/05 00:00:00.000,2003/04/05 00:00:00.000,33.6,,,157,,,A,0.0,,NIL,0
431670,S43898,Create Fine,2003/04/05 00:00:00.000,2003/04/05 00:00:00.000,33.6,,,158,,,A,0.0,,NIL,0
169694,N45435,Add penalty,2003/04/05 00:00:00.000,2003/04/05 00:00:00.000,65.5,,15.16,157,P,,A,0.0,N,NIL,0
430812,S43175,Create Fine,2003/04/05 00:00:00.000,2003/04/05 00:00:00.000,68.25,,,158,,,A,0.0,,NIL,0
430825,S43181,Create Fine,2003/04/05 00:00:00.000,2003/04/05 00:00:00.000,33.6,,,7,,,A,0.0,,NIL,0
175855,N48101,Create Fine,2003/04/05 00:00:00.000,2003/04/05 00:00:00.000,33.6,,,157,,,A,0.0,,NIL,0
171447,N46123,Add penalty,2003/04/05 00:00:00.000,2003/04/05 00:00:00.000,65.5,,15.16,157,P,,A,0.0,N,NIL,0
430827,S43183,Create Fine,2003/04/05 00:00:00.000,2003/04/05 00:00:00.000,33.6,,,158,,,A,0.0,,NIL,0
176401,N48338,Create Fine,2003/04/05 00:00:00.000,2003/04/05 00:00:00.000,33.6,,,157,,,A,0.0,,NIL,0
170729,N45851,Add penalty,2003/04/05 00:00:00.000,2003/04/05 00:00:00.000,65.5,,15.16,157,P,,A,0.0,N,NIL,0
430823,S43177,Create Fine,2003/04/05 00:00:00.000,2003/04/05 00:00:00.000,33.6,,,7,,,A,0.0,,NIL,0
430817,S43176,Create Fine,2003/04/05 00:00:00.000,2003/04/05 00:00:00.000,33.6,,,7,,,A,0.0,,NIL,0
160435,N41914,Payment,2003/04/05 00:00:00.000,2003/04/05 00:00:00.000,65.5,87.0,13.0,157,P,,A,87.0,N,NIL,0
503409,S79741,Create Fine,2003/04/05 00:00:00.000,2003/04/05 00:00:00.000,68.25,,,158,,,A,0.0,,NIL,0
168864,N45119,Add penalty,2003/04/05 00:00:00.000,2003/04/05 00:00:00.000,65.5,,15.16,157,P,,A,0.0,N,NIL,0
503137,S79570,Add penalty,2003/04/05 00:00:00.000,2003/04/05 00:00:00.000,131.0,,15.16,158,P,,A,0.0,N,NIL,0
501954,S78834,Create Fine,2003/04/05 00:00:00.000,2003/04/05 00:00:00.000,68.25,,,158,,,A,0.0,,NIL,0
430810,S43171,Create Fine,2003/04/05 00:00:00.000,2003/04/05 00:00:00.000,68.25,,,158,,,A,0.0,,NIL,0
170668,N45827,Add penalty,2003/04/05 00:00:00.000,2003/04/05 00:00:00.000,39.0,,15.16,7,P,,A,0.0,N,NIL,0
176396,N48337,Create Fine,2003/04/05 00:00:00.000,2003/04/05 00:00:00.000,33.6,,,157,,,A,0.0,,NIL,0
175860,N48102,Create Fine,2003/04/05 00:00:00.000,2003/04/05 00:00:00.000,33.6,,,157,,,A,0.0,,NIL,0
176406,N48340,Create Fine,2003/04/05 00:00:00.000,2003/04/05 00:00:00.000,33.6,,,157,,,A,0.0,,NIL,0
170127,N45617,Add penalty,2003/04/05 00:00:00.000,2003/04/05 00:00:00.000,65.5,,15.16,157,P,,A,0.0,N,NIL,0
170850,N45911,Add penalty,2003/04/05 00:00:00.000,2003/04/05 00:00:00.000,65.5,,15.16,157,P,,A,0.0,N,NIL,0
158682,N41188,Add penalty,2003/04/05 00:00:00.000,2003/04/05 00:00:00.000,65.5,,15.16,157,P,,A,0.0,N,NIL,0
513714,S86270,Create Fine,2003/04/05 00:00:00.000,2003/04/05 00:00:00.000,33.6,,,7,,,A,0.0,,NIL,0
169037,N45194,Add penalty,2003/04/05 00:00:00.000,2003/04/05 00:00:00.000,65.5,,15.16,157,P,,A,0.0,N,NIL,0
176136,N48228,Create Fine,2003/04/05 00:00:00.000,2003/04/05 00:00:00.000,33.6,,,157,,,A,0.0,,NIL,0
175877,N48107,Create Fine,2003/04/05 00:00:00.000,2003/04/05 00:00:00.000,19.95,,,7,,,A,0.0,,NIL,0
513712,S86267,Create Fine,2003/04/05 00:00:00.000,2003/04/05 00:00:00.000,68.25,,,158,,,A,0.0,,NIL,0
168920,N45138,Add penalty,2003/04/06 00:00:00.000,2003/04/06 00:00:00.000,39.0,29.0,15.16,7,P,,A,29.0,N,NIL,0
168751,N45067,Add penalty,2003/04/06 00:00:00.000,2003/04/06 00:00:00.000,65.5,,20.32,157,P,,A,0.0,N,NIL,0
158661,N41179,Add penalty,2003/04/06 00:00:00.000,2003/04/06 00:00:00.000,65.5,,15.16,157,P,,A,0.0,N,NIL,0
168721,N45058,Add penalty,2003/04/06 00:00:00.000,2003/04/06 00:00:00.000,65.5,,20.32,157,P,,A,0.0,N,NIL,0
169689,N45434,Add penalty,2003/04/06 00:00:00.000,2003/04/06 00:00:00.000,65.5,,15.16,157,P,,A,0.0,N,NIL,0
166169,N43990,Add penalty,2003/04/06 00:00:00.000,2003/04/06 00:00:00.000,65.5,,20.32,157,P,,A,0.0,N,NIL,0
168991,N45172,Add penalty,2003/04/06 00:00:00.000,2003/04/06 00:00:00.000,65.5,,15.16,157,P,,A,0.0,N,NIL,0
170036,N45584,Add penalty,2003/04/06 00:00:00.000,2003/04/06 00:00:00.000,65.5,,15.16,157,P,,A,0.0,N,NIL,0
168616,N44992,Add penalty,2003/04/06 00:00:00.000,2003/04/06 00:00:00.000,65.5,,20.32,157,P,,A,0.0,N,NIL,0
168469,N44933,Add penalty,2003/04/06 00:00:00.000,2003/04/06 00:00:00.000,65.5,,20.32,157,P,,A,0.0,N,NIL,0
498098,S76694,Add penalty,2003/04/06 00:00:00.000,2003/04/06 00:00:00.000,65.5,,20.32,158,P,,A,0.0,N,NIL,0
536724,V11466,Create Fine,2003/04/07 00:00:00.000,2003/04/07 00:00:00.000,343.35,,,142,,,A,0.0,,NIL,0
504029,S80204,Create Fine,2003/04/07 00:00:00.000,2003/04/07 00:00:00.000,33.6,,,158,,,A,0.0,,NIL,0
176170,N48243,Create Fine,2003/04/07 00:00:00.000,2003/04/07 00:00:00.000,19.95,,,7,,,A,0.0,,NIL,0
536709,V11460,Create Fine,2003/04/07 00:00:00.000,2003/04/07 00:00:00.000,137.55,,,142,,,A,0.0,,NIL,0
161812,N42440,Payment,2003/04/07 00:00:00.000,2003/04/07 00:00:00.000,65.5,42.0,10.0,157,P,,A,42.0,N,NIL,0
513459,S86135,Payment,2003/04/07 00:00:00.000,2003/04/07 00:00:00.000,33.6,33.6,,158,,,A,33.6,,NIL,0
482629,S69696,Payment,2003/04/07 00:00:00.000,2003/04/07 00:00:00.000,65.6,79.03,13.43,7,P,0.0,C,79.03,N,NIL,0
513466,S86137,Payment,2003/04/07 00:00:00.000,2003/04/07 00:00:00.000,33.6,33.6,,157,,,A,33.6,,NIL,0
504035,S80205,Payment,2003/04/07 00:00:00.000,2003/04/07 00:00:00.000,33.6,33.6,,158,,,A,33.6,,NIL,0
87682,C15106,Payment,2003/04/07 00:00:00.000,2003/04/07 00:00:00.000,33.6,33.6,,171,,,C,33.6,,NIL,0
175865,N48104,Create Fine,2003/04/07 00:00:00.000,2003/04/07 00:00:00.000,33.6,,,157,,,A,0.0,,NIL,0
175870,N48105,Create Fine,2003/04/07 00:00:00.000,2003/04/07 00:00:00.000,33.6,,,157,,,A,0.0,,NIL,0
536729,V11470,Create Fine,2003/04/07 00:00:00.000,2003/04/07 00:00:00.000,137.55,,,142,,,A,0.0,,NIL,0
536745,V11477,Create Fine,2003/04/07 00:00:00.000,2003/04/07 00:00:00.000,137.55,,,142,,,A,0.0,,NIL,0
169434,N45352,Insert Date Appeal to Prefecture,2003/04/07 00:00:00.000,2003/04/07 00:00:00.000,65.5,,16.0,157,P,,A,0.0,N,NIL,0
504034,S80205,Create Fine,2003/04/07 00:00:00.000,2003/04/07 00:00:00.000,33.6,,,158,,,A,0.0,,NIL,0
504023,S80201,Create Fine,2003/04/07 00:00:00.000,2003/04/07 00:00:00.000,33.6,,,157,,,A,0.0,,NIL,0
503944,S80152,Create Fine,2003/04/07 00:00:00.000,2003/04/07 00:00:00.000,33.6,,,158,,,A,0.0,,NIL,0
560659,V9684,Send Appeal to Prefecture,2003/04/07 00:00:00.000,2003/04/07 00:00:00.000,262.0,,10.0,142,P,,A,0.0,N,#,0
83833,C13062,Payment,2003/04/07 00:00:00.000,2003/04/07 00:00:00.000,1311.98,65.6,0.0,193,P,,A,328.0,N,NIL,0
175840,N48088,Payment,2003/04/07 00:00:00.000,2003/04/07 00:00:00.000,33.6,33.6,,157,,,A,33.6,,NIL,0
176417,N48343,Create Fine,2003/04/07 00:00:00.000,2003/04/07 00:00:00.000,33.6,,,157,,,A,0.0,,NIL,0
176146,N48237,Create Fine,2003/04/07 00:00:00.000,2003/04/07 00:00:00.000,33.6,,,157,,,A,0.0,,NIL,0
174341,N47489,Payment,2003/04/07 00:00:00.000,2003/04/07 00:00:00.000,33.6,33.6,,157,,,A,33.6,,NIL,0
536734,V11474,Create Fine,2003/04/07 00:00:00.000,2003/04/07 00:00:00.000,137.55,,,142,,,A,0.0,,NIL,0
176141,N48235,Create Fine,2003/04/07 00:00:00.000,2003/04/07 00:00:00.000,33.6,,,157,,,A,0.0,,NIL,0
87614,C15078,Add penalty,2003/04/07 00:00:00.000,2003/04/07 00:00:00.000,68.77,,0.0,7,P,,A,0.0,,NIL,0
176411,N48342,Create Fine,2003/04/07 00:00:00.000,2003/04/07 00:00:00.000,33.6,,,157,,,A,0.0,,NIL,0
176427,N48345,Create Fine,2003/04/07 00:00:00.000,2003/04/07 00:00:00.000,19.95,,,7,,,A,0.0,,NIL,0
170390,N45711,Send Appeal to Prefecture,2003/04/07 00:00:00.000,2003/04/07 00:00:00.000,65.5,,16.0,157,P,,A,0.0,N,NIL,0
503948,S80154,Create Fine,2003/04/07 00:00:00.000,2003/04/07 00:00:00.000,33.6,,,7,,,A,0.0,,NIL,0
536719,V11465,Create Fine,2003/04/07 00:00:00.000,2003/04/07 00:00:00.000,137.55,,,142,,,A,0.0,,NIL,0
176152,N48238,Create Fine,2003/04/07 00:00:00.000,2003/04/07 00:00:00.000,33.6,,,157,,,A,0.0,,NIL,0
536750,V11478,Create Fine,2003/04/07 00:00:00.000,2003/04/07 00:00:00.000,137.55,,,142,,,A,0.0,,NIL,0
171338,N46088,Send Appeal to Prefecture,2003/04/07 00:00:00.000,2003/04/07 00:00:00.000,65.5,,16.0,157,P,,A,0.0,N,NIL,0
536714,V11464,Create Fine,2003/04/07 00:00:00.000,2003/04/07 00:00:00.000,137.55,,,142,,,A,0.0,,NIL,0
536740,V11476,Create Fine,2003/04/07 00:00:00.000,2003/04/07 00:00:00.000,137.55,,,142,,,A,0.0,,NIL,0
87622,C15081,Create Fine,2003/04/07 00:00:00.000,2003/04/07 00:00:00.000,68.25,,,145,,,A,0.0,,NIL,0
513676,S86247,Create Fine,2003/04/07 00:00:00.000,2003/04/07 00:00:00.000,33.6,,,157,,,A,0.0,,NIL,0
503946,S80153,Create Fine,2003/04/07 00:00:00.000,2003/04/07 00:00:00.000,33.6,,,7,,,A,0.0,,NIL,0
176113,N48216,Payment,2003/04/07 00:00:00.000,2003/04/07 00:00:00.000,33.6,33.6,,157,,,A,33.6,,NIL,0
175886,N48110,Create Fine,2003/04/08 00:00:00.000,2003/04/08 00:00:00.000,33.6,,,157,,,A,0.0,,NIL,0
431627,S43878,Payment,2003/04/08 00:00:00.000,2003/04/08 00:00:00.000,33.6,33.6,,7,,,A,33.6,,NIL,0
176184,N48251,Create Fine,2003/04/08 00:00:00.000,2003/04/08 00:00:00.000,19.95,,,7,,,A,0.0,,NIL,0
176159,N48241,Create Fine,2003/04/08 00:00:00.000,2003/04/08 00:00:00.000,33.6,,,157,,,A,0.0,,NIL,0
536767,V11487,Create Fine,2003/04/08 00:00:00.000,2003/04/08 00:00:00.000,137.55,,,142,,,A,0.0,,NIL,0
175891,N48111,Create Fine,2003/04/08 00:00:00.000,2003/04/08 00:00:00.000,33.6,,,157,,,A,0.0,,NIL,0
484145,S70727,Payment,2003/04/08 00:00:00.000,2003/04/08 00:00:00.000,65.5,77.0,13.0,158,P,,A,77.0,N,NIL,0
503945,S80152,Payment,2003/04/08 00:00:00.000,2003/04/08 00:00:00.000,33.6,33.6,,158,,,A,33.6,,NIL,0
536762,V11484,Create Fine,2003/04/08 00:00:00.000,2003/04/08 00:00:00.000,137.55,,,142,,,A,0.0,,NIL,0
175884,N48109,Create Fine,2003/04/08 00:00:00.000,2003/04/08 00:00:00.000,33.6,,,157,,,A,0.0,,NIL,0
503947,S80153,Payment,2003/04/08 00:00:00.000,2003/04/08 00:00:00.000,33.6,33.6,,7,,,A,33.6,,NIL,0
176157,N48240,Create Fine,2003/04/08 00:00:00.000,2003/04/08 00:00:00.000,33.6,,,157,,,A,0.0,,NIL,0
513715,S86270,Payment,2003/04/08 00:00:00.000,2003/04/08 00:00:00.000,33.6,33.6,,7,,,A,33.6,,NIL,0
175882,N48108,Create Fine,2003/04/08 00:00:00.000,2003/04/08 00:00:00.000,33.6,,,157,,,A,0.0,,NIL,0
157109,N40464,Create Fine,2003/04/08 00:00:00.000,2003/04/08 00:00:00.000,19.95,,,7,,,A,0.0,,NIL,0
513677,S86247,Payment,2003/04/08 00:00:00.000,2003/04/08 00:00:00.000,33.6,33.6,,157,,,A,33.6,,NIL,0
502044,S78967,Create Fine,2003/04/08 00:00:00.000,2003/04/08 00:00:00.000,33.6,,,157,,,A,0.0,,NIL,0
504044,S80210,Create Fine,2003/04/08 00:00:00.000,2003/04/08 00:00:00.000,33.6,,,157,,,A,0.0,,NIL,0
176164,N48242,Create Fine,2003/04/08 00:00:00.000,2003/04/08 00:00:00.000,33.6,,,157,,,A,0.0,,NIL,0
536757,V11483,Create Fine,2003/04/08 00:00:00.000,2003/04/08 00:00:00.000,137.55,,,142,,,A,0.0,,NIL,0
504042,S80209,Create Fine,2003/04/08 00:00:00.000,2003/04/08 00:00:00.000,33.6,,,157,,,A,0.0,,NIL,0
513469,S86143,Create Fine,2003/04/08 00:00:00.000,2003/04/08 00:00:00.000,33.6,,,7,,,A,0.0,,NIL,0
157099,N40459,Create Fine,2003/04/08 00:00:00.000,2003/04/08 00:00:00.000,33.6,,,157,,,A,0.0,,NIL,0
559683,V9292,Send Appeal to Prefecture,2003/04/08 00:00:00.000,2003/04/08 00:00:00.000,262.0,,10.0,142,P,,A,0.0,N,#,0
536772,V11497,Create Fine,2003/04/08 00:00:00.000,2003/04/08 00:00:00.000,137.55,,,142,,,A,0.0,,NIL,0
504040,S80206,Create Fine,2003/04/08 00:00:00.000,2003/04/08 00:00:00.000,33.6,,,157,,,A,0.0,,NIL,0
536752,V11481,Create Fine,2003/04/08 00:00:00.000,2003/04/08 00:00:00.000,137.55,,,142,,,A,0.0,,NIL,0
502417,S79221,Payment,2003/04/08 00:00:00.000,2003/04/08 00:00:00.000,33.6,33.6,,7,,,A,33.6,,NIL,0
157094,N40458,Create Fine,2003/04/08 00:00:00.000,2003/04/08 00:00:00.000,33.6,,,157,,,A,0.0,,NIL,0
173634,N47215,Payment,2003/04/08 00:00:00.000,2003/04/08 00:00:00.000,33.6,33.6,,157,,,A,33.6,,NIL,0
499991,S77602,Payment,2003/04/08 00:00:00.000,2003/04/08 00:00:00.000,65.5,84.0,10.0,7,P,,A,84.0,N,NIL,0
536778,V11498,Create Fine,2003/04/08 00:00:00.000,2003/04/08 00:00:00.000,137.55,,,142,,,A,0.0,,NIL,0
513381,S86100,Payment,2003/04/08 00:00:00.000,2003/04/08 00:00:00.000,33.6,33.6,,7,,,A,33.6,,NIL,0
513467,S86142,Create Fine,2003/04/08 00:00:00.000,2003/04/08 00:00:00.000,33.6,,,7,,,A,0.0,,NIL,0
536813,V11511,Create Fine,2003/04/09 00:00:00.000,2003/04/09 00:00:00.000,137.55,,,142,,,A,0.0,,NIL,0
176177,N48245,Create Fine,2003/04/09 00:00:00.000,2003/04/09 00:00:00.000,33.6,,,157,,,A,0.0,,NIL,0
502051,S78969,Create Fine,2003/04/09 00:00:00.000,2003/04/09 00:00:00.000,68.25,,,158,,,A,0.0,,NIL,0
176182,N48247,Create Fine,2003/04/09 00:00:00.000,2003/04/09 00:00:00.000,33.6,,,157,,,A,0.0,,NIL,0
498011,S76666,Payment,2003/04/09 00:00:00.000,2003/04/09 00:00:00.000,65.5,42.0,10.0,7,P,,A,42.0,N,NIL,0
176189,N48252,Create Fine,2003/04/09 00:00:00.000,2003/04/09 00:00:00.000,19.95,,,7,,,A,0.0,,NIL,0
513713,S86267,Payment,2003/04/09 00:00:00.000,2003/04/09 00:00:00.000,68.25,68.25,,158,,,A,68.25,,NIL,0
503351,S79710,Add penalty,2003/04/09 00:00:00.000,2003/04/09 00:00:00.000,131.0,,15.16,158,P,,A,0.0,N,NIL,0
536808,V11509,Create Fine,2003/04/09 00:00:00.000,2003/04/09 00:00:00.000,137.55,,,142,,,A,0.0,,NIL,0
502046,S78968,Create Fine,2003/04/09 00:00:00.000,2003/04/09 00:00:00.000,33.6,,,158,,,A,0.0,,NIL,0
536783,V11500,Create Fine,2003/04/09 00:00:00.000,2003/04/09 00:00:00.000,137.55,,,142,,,A,0.0,,NIL,0
536789,V11501,Create Fine,2003/04/09 00:00:00.000,2003/04/09 00:00:00.000,137.55,,,142,,,A,0.0,,NIL,0
536815,V11512,Create Fine,2003/04/09 00:00:00.000,2003/04/09 00:00:00.000,137.55,,,142,,,A,0.0,,NIL,0
170295,N45675,Payment,2003/04/09 00:00:00.000,2003/04/09 00:00:00.000,39.0,5.16,15.16,7,P,,A,34.16,N,NIL,0
485285,S71284,Payment,2003/04/09 00:00:00.000,2003/04/09 00:00:00.000,131.0,80.16,10.0,191,P,,A,80.16,N,NIL,0
176442,N48350,Create Fine,2003/04/09 00:00:00.000,2003/04/09 00:00:00.000,19.95,,,7,,,A,0.0,,NIL,0
171014,N45977,Payment,2003/04/09 00:00:00.000,2003/04/09 00:00:00.000,39.0,5.16,15.16,7,P,,A,34.16,N,NIL,0
175893,N48113,Create Fine,2003/04/09 00:00:00.000,2003/04/09 00:00:00.000,19.95,,,7,,,A,0.0,,NIL,0
176422,N48344,Create Fine,2003/04/09 00:00:00.000,2003/04/09 00:00:00.000,33.6,,,157,,,A,0.0,,NIL,0
176447,N48351,Create Fine,2003/04/09 00:00:00.000,2003/04/09 00:00:00.000,19.95,,,7,,,A,0.0,,NIL,0
536797,V11503,Create Fine,2003/04/09 00:00:00.000,2003/04/09 00:00:00.000,137.55,,,142,,,A,0.0,,NIL,0
176175,N48244,Create Fine,2003/04/09 00:00:00.000,2003/04/09 00:00:00.000,33.6,,,157,,,A,0.0,,NIL,0
172120,N46505,Payment,2003/04/09 00:00:00.000,2003/04/09 00:00:00.000,39.0,5.16,15.16,7,P,,A,34.16,N,NIL,0
536803,V11506,Create Fine,2003/04/09 00:00:00.000,2003/04/09 00:00:00.000,137.55,,,142,,,A,0.0,,NIL,0
536795,V11502,Create Fine,2003/04/09 00:00:00.000,2003/04/09 00:00:00.000,137.55,,,142,,,A,0.0,,NIL,0
504043,S80209,Payment,2003/04/09 00:00:00.000,2003/04/09 00:00:00.000,33.6,33.6,,157,,,A,33.6,,NIL,0
176453,N48352,Create Fine,2003/04/09 00:00:00.000,2003/04/09 00:00:00.000,19.95,,,7,,,A,0.0,,NIL,0
157104,N40461,Create Fine,2003/04/09 00:00:00.000,2003/04/09 00:00:00.000,33.6,,,157,,,A,0.0,,NIL,0
170664,N45826,Payment,2003/04/09 00:00:00.000,2003/04/09 00:00:00.000,39.0,5.16,15.16,7,P,,A,34.16,N,NIL,0
171387,N46105,Payment,2003/04/09 00:00:00.000,2003/04/09 00:00:00.000,39.0,5.16,15.16,7,P,,A,34.16,N,NIL,0
176129,N48226,Payment,2003/04/09 00:00:00.000,2003/04/09 00:00:00.000,33.6,33.6,,157,,,A,33.6,,NIL,0
157119,N40467,Create Fine,2003/04/10 00:00:00.000,2003/04/10 00:00:00.000,33.6,,,158,,,A,0.0,,NIL,0
513660,S86239,Payment,2003/04/10 00:00:00.000,2003/04/10 00:00:00.000,33.6,33.6,,7,,,A,33.6,,NIL,0
157123,N40470,Create Fine,2003/04/10 00:00:00.000,2003/04/10 00:00:00.000,33.6,,,157,,,A,0.0,,NIL,0
87685,C15107,Insert Fine Notification,2003/04/10 00:00:00.000,2003/04/10 00:00:00.000,68.25,,16.0,158,P,,A,0.0,N,NIL,0
499831,S77522,Send Appeal to Prefecture,2003/04/10 00:00:00.000,2003/04/10 00:00:00.000,131.0,,16.0,158,P,,C,0.0,N,NIL,0
157125,N40473,Create Fine,2003/04/10 00:00:00.000,2003/04/10 00:00:00.000,33.6,,,157,,,A,0.0,,NIL,0
503950,S80158,Create Fine,2003/04/10 00:00:00.000,2003/04/10 00:00:00.000,68.25,,,158,,,A,0.0,,NIL,0
503949,S80154,Payment,2003/04/10 00:00:00.000,2003/04/10 00:00:00.000,33.6,33.6,,7,,,A,33.6,,NIL,0
157130,N40474,Create Fine,2003/04/10 00:00:00.000,2003/04/10 00:00:00.000,33.6,,,157,,,A,0.0,,NIL,0
87716,C15117,Insert Fine Notification,2003/04/10 00:00:00.000,2003/04/10 00:00:00.000,33.6,,10.0,141,P,,A,0.0,N,NIL,0
87710,C15116,Send Fine,2003/04/10 00:00:00.000,2003/04/10 00:00:00.000,68.25,,10.0,191,,,A,0.0,,NIL,0
175883,N48108,Payment,2003/04/10 00:00:00.000,2003/04/10 00:00:00.000,33.6,33.6,,157,,,A,33.6,,NIL,0
87715,C15117,Send Fine,2003/04/10 00:00:00.000,2003/04/10 00:00:00.000,33.6,,10.0,141,,,A,0.0,,NIL,0
87711,C15116,Insert Fine Notification,2003/04/10 00:00:00.000,2003/04/10 00:00:00.000,68.25,,10.0,191,P,,A,0.0,N,NIL,0
173863,N47302,Payment,2003/04/10 00:00:00.000,2003/04/10 00:00:00.000,33.6,33.6,,157,,,A,33.6,,NIL,0
513711,S86266,Payment,2003/04/10 00:00:00.000,2003/04/10 00:00:00.000,68.25,68.25,,158,,,A,68.25,,NIL,0
176437,N48348,Create Fine,2003/04/10 00:00:00.000,2003/04/10 00:00:00.000,33.6,,,157,,,A,0.0,,NIL,0
488649,S72814,Payment,2003/04/10 00:00:00.000,2003/04/10 00:00:00.000,65.5,43.5,10.0,7,P,,A,75.5,N,NIL,0
87684,C15107,Send Fine,2003/04/10 00:00:00.000,2003/04/10 00:00:00.000,68.25,,16.0,158,,,A,0.0,,NIL,0
157155,N40485,Create Fine,2003/04/10 00:00:00.000,2003/04/10 00:00:00.000,19.95,,,7,,,A,0.0,,NIL,0
87683,C15107,Create Fine,2003/04/10 00:00:00.000,2003/04/10 00:00:00.000,68.25,,,158,,,A,0.0,,NIL,0
503861,S80059,Create Fine,2003/04/10 00:00:00.000,2003/04/10 00:00:00.000,68.25,,,158,,,A,0.0,,NIL,0
163553,N43054,Payment,2003/04/10 00:00:00.000,2003/04/10 00:00:00.000,65.5,33.5,15.16,157,P,,A,80.66,N,NIL,0
157114,N40465,Create Fine,2003/04/10 00:00:00.000,2003/04/10 00:00:00.000,33.6,,,157,,,A,0.0,,NIL,0
496494,S76033,Payment,2003/04/10 00:00:00.000,2003/04/10 00:00:00.000,65.5,77.0,13.0,158,P,,A,77.0,N,NIL,0
157121,N40468,Create Fine,2003/04/10 00:00:00.000,2003/04/10 00:00:00.000,33.6,,,157,,,A,0.0,,NIL,0
176432,N48346,Create Fine,2003/04/10 00:00:00.000,2003/04/10 00:00:00.000,33.6,,,157,,,A,0.0,,NIL,0
504057,S80214,Create Fine,2003/04/11 00:00:00.000,2003/04/11 00:00:00.000,33.6,,,7,,,A,0.0,,NIL,0
157160,N40486,Create Fine,2003/04/11 00:00:00.000,2003/04/11 00:00:00.000,19.95,,,7,,,A,0.0,,NIL,0
504041,S80206,Payment,2003/04/11 00:00:00.000,2003/04/11 00:00:00.000,33.6,33.6,,157,,,A,33.6,,NIL,0
175892,N48111,Payment,2003/04/11 00:00:00.000,2003/04/11 00:00:00.000,33.6,33.6,,157,,,A,33.6,,NIL,0
157120,N40467,Payment,2003/04/11 00:00:00.000,2003/04/11 00:00:00.000,33.6,33.6,,158,,,A,33.6,,NIL,0
157135,N40477,Create Fine,2003/04/11 00:00:00.000,2003/04/11 00:00:00.000,33.6,,,157,,,A,0.0,,NIL,0
176455,N48354,Create Fine,2003/04/11 00:00:00.000,2003/04/11 00:00:00.000,33.6,,,157,,,A,0.0,,NIL,0
536820,V11515,Create Fine,2003/04/11 00:00:00.000,2003/04/11 00:00:00.000,137.55,,,142,,,A,0.0,,NIL,0
166046,N43936,Payment,2003/04/11 00:00:00.000,2003/04/11 00:00:00.000,65.5,28.34,10.0,157,P,,A,75.5,N,NIL,0
87719,C15119,Create Fine,2003/04/11 00:00:00.000,2003/04/11 00:00:00.000,137.55,,,80,,,A,0.0,,NIL,0
513468,S86142,Payment,2003/04/11 00:00:00.000,2003/04/11 00:00:00.000,33.6,33.6,,7,,,A,33.6,,NIL,0
503429,S79761,Payment,2003/04/11 00:00:00.000,2003/04/11 00:00:00.000,65.5,32.0,10.0,7,P,,A,32.0,N,NIL,0
504052,S80213,Create Fine,2003/04/11 00:00:00.000,2003/04/11 00:00:00.000,68.25,,,158,,,A,0.0,,NIL,0
175927,N48129,Create Fine,2003/04/11 00:00:00.000,2003/04/11 00:00:00.000,19.95,,,7,,,A,0.0,,NIL,0
164947,N43530,Payment,2003/04/11 00:00:00.000,2003/04/11 00:00:00.000,65.5,75.0,13.0,157,P,,A,75.0,N,NIL,0
504045,S80210,Payment,2003/04/11 00:00:00.000,2003/04/11 00:00:00.000,33.6,33.6,,157,,,A,33.6,,NIL,0
504046,S80212,Create Fine,2003/04/11 00:00:00.000,2003/04/11 00:00:00.000,68.25,,,158,,,A,0.0,,NIL,0
175898,N48114,Create Fine,2003/04/11 00:00:00.000,2003/04/11 00:00:00.000,33.6,,,157,,,A,0.0,,NIL,0
171331,N46087,Payment,2003/04/11 00:00:00.000,2003/04/11 00:00:00.000,65.5,47.16,15.16,157,P,,A,47.16,N,NIL,0
87686,C15107,Insert Date Appeal to Prefecture,2003/04/11 00:00:00.000,2003/04/11 00:00:00.000,68.25,,16.0,158,P,,A,0.0,N,NIL,0
170710,N45842,Payment,2003/04/11 00:00:00.000,2003/04/11 00:00:00.000,65.5,5.16,15.16,157,P,,A,47.16,N,NIL,0
87692,C15108,Create Fine,2003/04/11 00:00:00.000,2003/04/11 00:00:00.000,33.6,,,171,,,C,0.0,,NIL,0
503952,S80160,Create Fine,2003/04/11 00:00:00.000,2003/04/11 00:00:00.000,33.6,,,157,,,A,0.0,,NIL,0
170445,N45729,Payment,2003/04/11 00:00:00.000,2003/04/11 00:00:00.000,65.5,47.16,15.16,157,P,,A,47.16,N,NIL,0
503154,S79576,Insert Fine Notification,2003/04/11 00:00:00.000,2003/04/11 00:00:00.000,32.0,,10.0,158,P,,A,0.0,N,NIL,0
175903,N48115,Create Fine,2003/04/11 00:00:00.000,2003/04/11 00:00:00.000,33.6,,,157,,,A,0.0,,NIL,0
503954,S80161,Create Fine,2003/04/12 00:00:00.000,2003/04/12 00:00:00.000,68.25,,,158,,,A,0.0,,NIL,0
175929,N48131,Create Fine,2003/04/12 00:00:00.000,2003/04/12 00:00:00.000,19.95,,,7,,,A,0.0,,NIL,0
503976,S80167,Create Fine,2003/04/12 00:00:00.000,2003/04/12 00:00:00.000,33.6,,,7,,,A,0.0,,NIL,0
175934,N48133,Create Fine,2003/04/12 00:00:00.000,2003/04/12 00:00:00.000,19.95,,,7,,,A,0.0,,NIL,0
503982,S80169,Create Fine,2003/04/12 00:00:00.000,2003/04/12 00:00:00.000,33.6,,,7,,,A,0.0,,NIL,0
171085,N46003,Insert Fine Notification,2003/04/12 00:00:00.000,2003/04/12 00:00:00.000,32.0,,10.0,157,P,,A,0.0,N,NIL,0
503966,S80164,Create Fine,2003/04/12 00:00:00.000,2003/04/12 00:00:00.000,33.6,,,7,,,A,0.0,,NIL,0
503951,S80158,Payment,2003/04/12 00:00:00.000,2003/04/12 00:00:00.000,68.25,68.25,,158,,,A,68.25,,NIL,0
503971,S80165,Create Fine,2003/04/12 00:00:00.000,2003/04/12 00:00:00.000,33.6,,,7,,,A,0.0,,NIL,0
503960,S80163,Create Fine,2003/04/12 00:00:00.000,2003/04/12 00:00:00.000,33.6,,,7,,,A,0.0,,NIL,0
176204,N48255,Create Fine,2003/04/12 00:00:00.000,2003/04/12 00:00:00.000,33.6,,,157,,,A,0.0,,NIL,0
175913,N48118,Create Fine,2003/04/12 00:00:00.000,2003/04/12 00:00:00.000,33.6,,,157,,,A,0.0,,NIL,0
176217,N48261,Create Fine,2003/04/12 00:00:00.000,2003/04/12 00:00:00.000,19.95,,,7,,,A,0.0,,NIL,0
169231,N45271,Payment,2003/04/12 00:00:00.000,2003/04/12 00:00:00.000,65.5,33.5,10.0,157,P,,A,75.5,N,NIL,0
176210,N48257,Create Fine,2003/04/12 00:00:00.000,2003/04/12 00:00:00.000,33.6,,,157,,,A,0.0,,NIL,0
460726,S60169,Create Fine,2003/04/12 00:00:00.000,2003/04/12 00:00:00.000,33.6,,,7,,,A,0.0,,NIL,0
176457,N48361,Create Fine,2003/04/12 00:00:00.000,2003/04/12 00:00:00.000,33.6,,,157,,,A,0.0,,NIL,0
176199,N48254,Create Fine,2003/04/12 00:00:00.000,2003/04/12 00:00:00.000,33.6,,,157,,,A,0.0,,NIL,0
176194,N48253,Create Fine,2003/04/12 00:00:00.000,2003/04/12 00:00:00.000,33.6,,,158,,,A,0.0,,NIL,0
503416,S79748,Create Fine,2003/04/12 00:00:00.000,2003/04/12 00:00:00.000,68.25,,,158,,,M,0.0,,NIL,0
503865,S80063,Create Fine,2003/04/12 00:00:00.000,2003/04/12 00:00:00.000,68.25,,,158,,,A,0.0,,NIL,0
169013,N45178,Payment,2003/04/12 00:00:00.000,2003/04/12 00:00:00.000,65.5,5.16,15.16,157,P,,A,47.16,N,NIL,0
175908,N48117,Create Fine,2003/04/12 00:00:00.000,2003/04/12 00:00:00.000,33.6,,,157,,,A,0.0,,NIL,0
503863,S80061,Create Fine,2003/04/12 00:00:00.000,2003/04/12 00:00:00.000,33.6,,,7,,,A,0.0,,NIL,0
176215,N48260,Create Fine,2003/04/12 00:00:00.000,2003/04/12 00:00:00.000,19.95,,,7,,,A,0.0,,NIL,0
503771,S79981,Create Fine,2003/04/12 00:00:00.000,2003/04/12 00:00:00.000,33.6,,,7,,,A,0.0,,NIL,0
168434,N44918,Add penalty,2003/04/12 00:00:00.000,2003/04/12 00:00:00.000,65.5,,15.16,157,P,,A,0.0,N,NIL,0
503769,S79980,Create Fine,2003/04/12 00:00:00.000,2003/04/12 00:00:00.000,33.6,,,7,,,A,0.0,,NIL,0
175939,N48135,Create Fine,2003/04/12 00:00:00.000,2003/04/12 00:00:00.000,19.95,,,7,,,A,0.0,,NIL,0
496531,S76050,Payment,2003/04/12 00:00:00.000,2003/04/12 00:00:00.000,65.5,10.0,10.0,7,P,,A,42.0,N,NIL,0
175918,N48119,Create Fine,2003/04/12 00:00:00.000,2003/04/12 00:00:00.000,33.6,,,157,,,A,0.0,,NIL,0
503770,S79980,Payment,2003/04/12 00:00:00.000,2003/04/12 00:00:00.000,33.6,33.6,,7,,,A,33.6,,NIL,0
492563,S74383,Payment,2003/04/12 00:00:00.000,2003/04/12 00:00:00.000,65.5,77.0,13.0,157,P,,A,77.0,N,NIL,0
513474,S86150,Create Fine,2003/04/12 00:00:00.000,2003/04/12 00:00:00.000,33.6,,,7,,,A,0.0,,NIL,0
163186,N42933,Add penalty,2003/04/13 00:00:00.000,2003/04/13 00:00:00.000,65.5,,10.0,157,P,,A,0.0,N,NIL,0
170636,N45814,Payment,2003/04/14 00:00:00.000,2003/04/14 00:00:00.000,65.5,10.0,10.0,157,P,,A,42.0,N,NIL,0
502583,S79298,Payment,2003/04/14 00:00:00.000,2003/04/14 00:00:00.000,33.6,33.6,,157,,,A,33.6,,NIL,0
491657,S74009,Payment,2003/04/14 00:00:00.000,2003/04/14 00:00:00.000,65.5,10.0,10.0,157,P,,A,42.0,N,NIL,0
430824,S43177,Payment,2003/04/14 00:00:00.000,2003/04/14 00:00:00.000,33.6,33.6,,7,,,A,33.6,,NIL,0
171435,N46119,Payment,2003/04/14 00:00:00.000,2003/04/14 00:00:00.000,39.0,29.0,10.0,7,P,,A,29.0,N,NIL,0
503953,S80160,Payment,2003/04/14 00:00:00.000,2003/04/14 00:00:00.000,33.6,33.6,,157,,,A,33.6,,NIL,0
513716,S86275,Create Fine,2003/04/14 00:00:00.000,2003/04/14 00:00:00.000,68.25,,,158,,,A,0.0,,NIL,0
175922,N48126,Create Fine,2003/04/14 00:00:00.000,2003/04/14 00:00:00.000,33.6,,,157,,,A,0.0,,NIL,0
176503,N48379,Create Fine,2003/04/14 00:00:00.000,2003/04/14 00:00:00.000,19.95,,,7,,,A,0.0,,NIL,0
492194,S74224,Payment,2003/04/14 00:00:00.000,2003/04/14 00:00:00.000,65.5,75.5,10.0,43,P,,A,75.5,N,NIL,0
536826,V11529,Create Fine,2003/04/14 00:00:00.000,2003/04/14 00:00:00.000,137.55,,,142,,,A,0.0,,NIL,0
157145,N40481,Create Fine,2003/04/14 00:00:00.000,2003/04/14 00:00:00.000,33.6,,,157,,,A,0.0,,NIL,0
157140,N40480,Create Fine,2003/04/14 00:00:00.000,2003/04/14 00:00:00.000,33.6,,,157,,,A,0.0,,NIL,0
175921,N48125,Payment,2003/04/14 00:00:00.000,2003/04/14 00:00:00.000,33.6,33.6,,157,,,A,33.6,,NIL,0
175920,N48125,Create Fine,2003/04/14 00:00:00.000,2003/04/14 00:00:00.000,33.6,,,157,,,A,0.0,,NIL,0
176462,N48364,Create Fine,2003/04/14 00:00:00.000,2003/04/14 00:00:00.000,33.6,,,157,,,A,0.0,,NIL,0
176135,N48227,Payment,2003/04/14 00:00:00.000,2003/04/14 00:00:00.000,33.6,33.6,,157,,,A,33.6,,NIL,0
169786,N45476,Payment,2003/04/14 00:00:00.000,2003/04/14 00:00:00.000,65.5,10.0,10.0,157,P,,A,42.0,N,NIL,0
157150,N40482,Create Fine,2003/04/14 00:00:00.000,2003/04/14 00:00:00.000,33.6,,,157,,,A,0.0,,NIL,0
503983,S80169,Payment,2003/04/14 00:00:00.000,2003/04/14 00:00:00.000,33.6,33.6,,7,,,A,33.6,,NIL,0
460727,S60169,Payment,2003/04/14 00:00:00.000,2003/04/14 00:00:00.000,33.6,33.6,,7,,,A,33.6,,NIL,0
157124,N40470,Payment,2003/04/14 00:00:00.000,2003/04/14 00:00:00.000,33.6,33.6,,157,,,A,33.6,,NIL,0
87480,C15024,Create Fine,2003/04/15 00:00:00.000,2003/04/15 00:00:00.000,33.6,,,158,,,A,0.0,,NIL,0
175955,N48140,Create Fine,2003/04/15 00:00:00.000,2003/04/15 00:00:00.000,33.6,,,157,,,A,0.0,,NIL,0
176482,N48368,Create Fine,2003/04/15 00:00:00.000,2003/04/15 00:00:00.000,33.6,,,157,,,A,0.0,,NIL,0
176472,N48366,Create Fine,2003/04/15 00:00:00.000,2003/04/15 00:00:00.000,33.6,,,157,,,A,0.0,,NIL,0
175945,N48137,Create Fine,2003/04/15 00:00:00.000,2003/04/15 00:00:00.000,33.6,,,157,,,A,0.0,,NIL,0
171172,N46032,Send Appeal to Prefecture,2003/04/15 00:00:00.000,2003/04/15 00:00:00.000,65.5,,16.0,157,P,,A,0.0,N,NIL,0
494077,S75027,Payment,2003/04/15 00:00:00.000,2003/04/15 00:00:00.000,65.5,33.5,10.0,158,P,,M,75.5,N,NIL,0
176467,N48365,Create Fine,2003/04/15 00:00:00.000,2003/04/15 00:00:00.000,33.6,,,157,,,A,0.0,,NIL,0
534461,V10319,Payment,2003/04/15 00:00:00.000,2003/04/15 00:00:00.000,262.0,141.0,10.0,142,P,,A,141.0,N,NIL,0
87481,C15024,Send Fine,2003/04/15 00:00:00.000,2003/04/15 00:00:00.000,33.6,,0.0,158,,,A,0.0,,NIL,0
87587,C15070,Add penalty,2003/04/15 00:00:00.000,2003/04/15 00:00:00.000,137.55,,0.0,145,P,,A,0.0,N,NIL,0
176227,N48263,Create Fine,2003/04/15 00:00:00.000,2003/04/15 00:00:00.000,33.6,,,157,,,A,0.0,,NIL,0
170808,N45894,Payment,2003/04/15 00:00:00.000,2003/04/15 00:00:00.000,65.5,5.16,15.16,157,P,,A,47.16,N,NIL,0
175950,N48138,Create Fine,2003/04/15 00:00:00.000,2003/04/15 00:00:00.000,33.6,,,157,,,A,0.0,,NIL,0
534786,V10450,Send Appeal to Prefecture,2003/04/15 00:00:00.000,2003/04/15 00:00:00.000,262.0,,16.0,142,P,,A,0.0,N,NIL,0
176487,N48371,Create Fine,2003/04/15 00:00:00.000,2003/04/15 00:00:00.000,33.6,,,157,,,A,0.0,,NIL,0
157064,N40442,Payment,2003/04/15 00:00:00.000,2003/04/15 00:00:00.000,33.6,33.6,,157,,,A,33.6,,NIL,0
170043,N45585,Payment,2003/04/15 00:00:00.000,2003/04/15 00:00:00.000,65.5,5.16,15.16,157,P,,A,47.16,N,NIL,0
176222,N48262,Create Fine,2003/04/15 00:00:00.000,2003/04/15 00:00:00.000,33.6,,,157,,,A,0.0,,NIL,0
503050,S79515,Payment,2003/04/15 00:00:00.000,2003/04/15 00:00:00.000,131.0,75.0,10.0,158,P,,A,75.0,N,NIL,0
429526,S39142,Send Appeal to Prefecture,2003/04/15 00:00:00.000,2003/04/15 00:00:00.000,65.5,,10.0,7,P,,A,0.0,N,#,0
176477,N48367,Create Fine,2003/04/15 00:00:00.000,2003/04/15 00:00:00.000,33.6,,,157,,,A,0.0,,NIL,0
429827,S39466,Send Appeal to Prefecture,2003/04/15 00:00:00.000,2003/04/15 00:00:00.000,64.0,,16.0,171,P,,C,0.0,N,NIL,0
503870,S80067,Create Fine,2003/04/15 00:00:00.000,2003/04/15 00:00:00.000,68.25,,,158,,,A,0.0,,NIL,0
176233,N48264,Create Fine,2003/04/15 00:00:00.000,2003/04/15 00:00:00.000,33.6,,,157,,,A,0.0,,NIL,0
87482,C15024,Insert Fine Notification,2003/04/15 00:00:00.000,2003/04/15 00:00:00.000,33.6,,0.0,158,P,,A,0.0,N,NIL,0
175957,N48141,Create Fine,2003/04/16 00:00:00.000,2003/04/16 00:00:00.000,33.6,,,157,,,A,0.0,,NIL,0
503772,S79981,Payment,2003/04/16 00:00:00.000,2003/04/16 00:00:00.000,33.6,33.6,,7,,,A,33.6,,NIL,0
559390,V9162,Payment,2003/04/16 00:00:00.000,2003/04/16 00:00:00.000,262.0,275.0,13.0,142,P,,A,275.0,N,NIL,0
497221,S76332,Payment,2003/04/16 00:00:00.000,2003/04/16 00:00:00.000,65.5,28.34,10.0,7,P,,A,75.5,N,NIL,0
503773,S79983,Create Fine,2003/04/16 00:00:00.000,2003/04/16 00:00:00.000,33.6,,,158,,,A,0.0,,NIL,0
175956,N48140,Payment,2003/04/16 00:00:00.000,2003/04/16 00:00:00.000,33.6,33.6,,157,,,A,33.6,,NIL,0
175962,N48144,Create Fine,2003/04/16 00:00:00.000,2003/04/16 00:00:00.000,33.6,,,157,,,A,0.0,,NIL,0
176269,N48279,Create Fine,2003/04/16 00:00:00.000,2003/04/16 00:00:00.000,19.95,,,7,,,A,0.0,,NIL,0
475279,S66382,Create Fine,2003/04/16 00:00:00.000,2003/04/16 00:00:00.000,33.6,,,7,,,A,0.0,,NIL,0
176492,N48376,Create Fine,2003/04/16 00:00:00.000,2003/04/16 00:00:00.000,33.6,,,157,,,A,0.0,,NIL,0
157162,N40489,Create Fine,2003/04/16 00:00:00.000,2003/04/16 00:00:00.000,33.6,,,157,,,A,0.0,,NIL,0
176250,N48269,Create Fine,2003/04/16 00:00:00.000,2003/04/16 00:00:00.000,33.6,,,157,,,A,0.0,,NIL,0
176245,N48268,Create Fine,2003/04/16 00:00:00.000,2003/04/16 00:00:00.000,33.6,,,157,,,A,0.0,,NIL,0
176240,N48267,Create Fine,2003/04/16 00:00:00.000,2003/04/16 00:00:00.000,33.6,,,157,,,A,0.0,,NIL,0
176497,N48377,Create Fine,2003/04/16 00:00:00.000,2003/04/16 00:00:00.000,33.6,,,157,,,A,0.0,,NIL,0
176238,N48266,Create Fine,2003/04/16 00:00:00.000,2003/04/16 00:00:00.000,33.6,,,157,,,A,0.0,,NIL,0
503862,S80059,Payment,2003/04/16 00:00:00.000,2003/04/16 00:00:00.000,68.25,68.25,,158,,,A,68.25,,NIL,0
157167,N40491,Create Fine,2003/04/16 00:00:00.000,2003/04/16 00:00:00.000,33.6,,,157,,,A,0.0,,NIL,0
176368,N48327,Payment,2003/04/16 00:00:00.000,2003/04/16 00:00:00.000,33.6,33.6,,157,,,A,33.6,,NIL,0
513718,S86280,Create Fine,2003/04/16 00:00:00.000,2003/04/16 00:00:00.000,33.6,,,157,,,A,0.0,,NIL,0
168865,N45119,Send Appeal to Prefecture,2003/04/16 00:00:00.000,2003/04/16 00:00:00.000,65.5,,15.16,157,P,,A,0.0,N,NIL,0
158066,N40818,Payment,2003/04/16 00:00:00.000,2003/04/16 00:00:00.000,65.5,33.5,10.0,157,P,,A,75.5,N,NIL,0
503182,S79587,Send Appeal to Prefecture,2003/04/16 00:00:00.000,2003/04/16 00:00:00.000,65.5,,15.16,157,P,,A,0.0,N,#,0
503414,S79745,Create Fine,2003/04/16 00:00:00.000,2003/04/16 00:00:00.000,33.6,,,158,,,A,0.0,,NIL,0
90898,C17522,Create Fine,2003/04/17 00:00:00.000,2003/04/17 00:00:00.000,33.6,,,7,,,A,0.0,,NIL,0
90861,C17513,Send Fine,2003/04/17 00:00:00.000,2003/04/17 00:00:00.000,33.6,,0.0,7,,,A,0.0,,NIL,0
169570,N45390,Payment,2003/04/17 00:00:00.000,2003/04/17 00:00:00.000,65.5,5.16,15.16,157,P,,A,47.16,N,NIL,0
90849,C17510,Send Fine,2003/04/17 00:00:00.000,2003/04/17 00:00:00.000,33.6,,0.0,7,,,A,0.0,,NIL,0
90904,C17523,Create Fine,2003/04/17 00:00:00.000,2003/04/17 00:00:00.000,33.6,,,7,,,A,0.0,,NIL,0
90899,C17522,Send Fine,2003/04/17 00:00:00.000,2003/04/17 00:00:00.000,33.6,,0.0,7,,,A,0.0,,NIL,0
170382,N45708,Payment,2003/04/17 00:00:00.000,2003/04/17 00:00:00.000,65.5,5.16,15.16,157,P,,A,47.16,N,NIL,0
90867,C17514,Insert Fine Notification,2003/04/17 00:00:00.000,2003/04/17 00:00:00.000,33.6,,0.0,7,P,,A,0.0,N,NIL,0
90862,C17513,Insert Fine Notification,2003/04/17 00:00:00.000,2003/04/17 00:00:00.000,33.6,,0.0,7,P,,A,0.0,N,NIL,0
90850,C17510,Insert Fine Notification,2003/04/17 00:00:00.000,2003/04/17 00:00:00.000,33.6,,0.0,7,P,,A,0.0,N,NIL,0
168202,N44795,Payment,2003/04/17 00:00:00.000,2003/04/17 00:00:00.000,65.5,28.34,10.0,157,P,,A,75.5,N,NIL,0
176560,N48405,Create Fine,2003/04/17 00:00:00.000,2003/04/17 00:00:00.000,19.95,,,7,,,A,0.0,,NIL,0
90895,C17521,Insert Fine Notification,2003/04/17 00:00:00.000,2003/04/17 00:00:00.000,33.6,,0.0,7,P,,M,0.0,N,NIL,0
90893,C17521,Create Fine,2003/04/17 00:00:00.000,2003/04/17 00:00:00.000,33.6,,,7,,,M,0.0,,NIL,0
513719,S86280,Payment,2003/04/17 00:00:00.000,2003/04/17 00:00:00.000,33.6,33.6,,157,,,A,33.6,,NIL,0
176260,N48274,Create Fine,2003/04/17 00:00:00.000,2003/04/17 00:00:00.000,33.6,,,157,,,A,0.0,,NIL,0
502045,S78967,Payment,2003/04/17 00:00:00.000,2003/04/17 00:00:00.000,33.6,33.6,,157,,,A,33.6,,NIL,0
90866,C17514,Send Fine,2003/04/17 00:00:00.000,2003/04/17 00:00:00.000,33.6,,0.0,7,,,A,0.0,,NIL,0
90900,C17522,Insert Fine Notification,2003/04/17 00:00:00.000,2003/04/17 00:00:00.000,33.6,,0.0,7,P,,A,0.0,N,NIL,0
90894,C17521,Send Fine,2003/04/17 00:00:00.000,2003/04/17 00:00:00.000,33.6,,0.0,7,,,M,0.0,,NIL,0
90848,C17510,Create Fine,2003/04/17 00:00:00.000,2003/04/17 00:00:00.000,33.6,,,7,,,A,0.0,,NIL,0
176255,N48271,Create Fine,2003/04/17 00:00:00.000,2003/04/17 00:00:00.000,33.6,,,157,,,A,0.0,,NIL,0
503871,S80067,Payment,2003/04/17 00:00:00.000,2003/04/17 00:00:00.000,68.25,68.25,,158,,,A,68.25,,NIL,0
90854,C17511,Create Fine,2003/04/17 00:00:00.000,2003/04/17 00:00:00.000,33.6,,,7,,,A,0.0,,NIL,0
90905,C17523,Send Fine,2003/04/17 00:00:00.000,2003/04/17 00:00:00.000,33.6,,0.0,7,,,A,0.0,,NIL,0
431649,S43885,Payment,2003/04/17 00:00:00.000,2003/04/17 00:00:00.000,33.6,33.6,,7,,,A,33.6,,NIL,0
90865,C17514,Create Fine,2003/04/17 00:00:00.000,2003/04/17 00:00:00.000,33.6,,,7,,,A,0.0,,NIL,0
170109,N45607,Payment,2003/04/17 00:00:00.000,2003/04/17 00:00:00.000,65.5,80.66,15.16,157,P,,A,80.66,N,NIL,0
176268,N48276,Payment,2003/04/17 00:00:00.000,2003/04/17 00:00:00.000,33.6,33.6,,157,,,A,33.6,,NIL,0
157172,N40494,Create Fine,2003/04/17 00:00:00.000,2003/04/17 00:00:00.000,33.6,,,157,,,A,0.0,,NIL,0
176267,N48276,Create Fine,2003/04/17 00:00:00.000,2003/04/17 00:00:00.000,33.6,,,157,,,A,0.0,,NIL,0
176509,N48380,Create Fine,2003/04/17 00:00:00.000,2003/04/17 00:00:00.000,33.6,,,157,,,A,0.0,,NIL,0
90860,C17513,Create Fine,2003/04/17 00:00:00.000,2003/04/17 00:00:00.000,33.6,,,7,,,A,0.0,,NIL,0
170880,N45918,Payment,2003/04/17 00:00:00.000,2003/04/17 00:00:00.000,65.5,42.0,10.0,157,P,,A,42.0,N,NIL,0
90856,C17511,Insert Fine Notification,2003/04/17 00:00:00.000,2003/04/17 00:00:00.000,33.6,,0.0,7,P,,A,0.0,N,NIL,0
90855,C17511,Send Fine,2003/04/17 00:00:00.000,2003/04/17 00:00:00.000,33.6,,0.0,7,,,A,0.0,,NIL,0
431569,S43833,Payment,2003/04/17 00:00:00.000,2003/04/17 00:00:00.000,65.5,10.0,10.0,7,P,,A,42.0,N,NIL,0
90906,C17523,Insert Fine Notification,2003/04/17 00:00:00.000,2003/04/17 00:00:00.000,33.6,,0.0,7,P,,A,0.0,N,NIL,0
176265,N48275,Create Fine,2003/04/17 00:00:00.000,2003/04/17 00:00:00.000,33.6,,,157,,,A,0.0,,NIL,0
157174,N40496,Create Fine,2003/04/18 00:00:00.000,2003/04/18 00:00:00.000,33.6,,,157,,,A,0.0,,NIL,0
536828,V11539,Create Fine,2003/04/18 00:00:00.000,2003/04/18 00:00:00.000,137.55,,,142,,,A,0.0,,NIL,0
176550,N48403,Create Fine,2003/04/18 00:00:00.000,2003/04/18 00:00:00.000,19.95,,,7,,,A,0.0,,NIL,0
176290,N48285,Create Fine,2003/04/18 00:00:00.000,2003/04/18 00:00:00.000,33.6,,,157,,,A,0.0,,NIL,0
90868,C17514,Appeal to Judge,2003/04/18 00:00:00.000,2003/04/18 00:00:00.000,33.6,,0.0,7,P,0.0,A,0.0,N,NIL,0
157179,N40498,Create Fine,2003/04/18 00:00:00.000,2003/04/18 00:00:00.000,33.6,,,157,,,A,0.0,,NIL,0
176555,N48404,Create Fine,2003/04/18 00:00:00.000,2003/04/18 00:00:00.000,19.95,,,7,,,A,0.0,,NIL,0
498022,S76670,Payment,2003/04/18 00:00:00.000,2003/04/18 00:00:00.000,131.0,66.0,10.0,158,P,,A,141.0,N,NIL,0
536840,V11547,Create Fine,2003/04/18 00:00:00.000,2003/04/18 00:00:00.000,137.55,,,142,,,A,0.0,,NIL,0
157181,N40499,Create Fine,2003/04/18 00:00:00.000,2003/04/18 00:00:00.000,33.6,,,157,,,A,0.0,,NIL,0
168984,N45169,Send Appeal to Prefecture,2003/04/18 00:00:00.000,2003/04/18 00:00:00.000,65.5,,16.0,157,P,,A,0.0,N,NIL,0
176295,N48286,Create Fine,2003/04/18 00:00:00.000,2003/04/18 00:00:00.000,33.6,,,157,,,A,0.0,,NIL,0
534172,V10204,Payment,2003/04/18 00:00:00.000,2003/04/18 00:00:00.000,32.0,42.0,10.0,142,,,A,42.0,,NIL,0
175969,N48148,Create Fine,2003/04/18 00:00:00.000,2003/04/18 00:00:00.000,33.6,,,157,,,A,0.0,,NIL,0
495979,S75836,Payment,2003/04/18 00:00:00.000,2003/04/18 00:00:00.000,65.5,42.0,10.0,7,P,,A,42.0,N,NIL,0
494624,S75276,Send Appeal to Prefecture,2003/04/18 00:00:00.000,2003/04/18 00:00:00.000,65.5,,15.16,7,P,,A,0.0,N,#,0
176284,N48284,Create Fine,2003/04/18 00:00:00.000,2003/04/18 00:00:00.000,33.6,,,157,,,A,0.0,,NIL,0
168962,N45158,Payment,2003/04/18 00:00:00.000,2003/04/18 00:00:00.000,65.5,42.0,10.0,157,P,,A,42.0,N,NIL,0
176279,N48281,Create Fine,2003/04/18 00:00:00.000,2003/04/18 00:00:00.000,33.6,,,157,,,A,0.0,,NIL,0
169435,N45352,Send Appeal to Prefecture,2003/04/18 00:00:00.000,2003/04/18 00:00:00.000,65.5,,16.0,157,P,,A,0.0,N,NIL,0
501815,S78759,Payment,2003/04/18 00:00:00.000,2003/04/18 00:00:00.000,65.5,75.5,10.0,7,P,,A,75.5,N,NIL,0
175919,N48119,Payment,2003/04/18 00:00:00.000,2003/04/18 00:00:00.000,33.6,33.6,,157,,,A,33.6,,NIL,0
176297,N48287,Create Fine,2003/04/18 00:00:00.000,2003/04/18 00:00:00.000,33.6,,,157,,,A,0.0,,NIL,0
175967,N48146,Create Fine,2003/04/18 00:00:00.000,2003/04/18 00:00:00.000,33.6,,,157,,,A,0.0,,NIL,0
536830,V11542,Create Fine,2003/04/18 00:00:00.000,2003/04/18 00:00:00.000,137.55,,,142,,,A,0.0,,NIL,0
536835,V11543,Create Fine,2003/04/18 00:00:00.000,2003/04/18 00:00:00.000,137.55,,,142,,,A,0.0,,NIL,0
176274,N48280,Create Fine,2003/04/18 00:00:00.000,2003/04/18 00:00:00.000,33.6,,,157,,,A,0.0,,NIL,0
485241,S71269,Payment,2003/04/18 00:00:00.000,2003/04/18 00:00:00.000,131.0,10.0,10.0,158,P,,A,75.0,N,NIL,0
170560,N45781,Payment,2003/04/19 00:00:00.000,2003/04/19 00:00:00.000,65.5,5.16,15.16,157,P,,A,47.16,N,NIL,0
176521,N48385,Create Fine,2003/04/19 00:00:00.000,2003/04/19 00:00:00.000,33.6,,,157,,,A,0.0,,NIL,0
502056,S78970,Create Fine,2003/04/19 00:00:00.000,2003/04/19 00:00:00.000,68.25,,,158,,,A,0.0,,NIL,0
87485,C15025,Create Fine,2003/04/19 00:00:00.000,2003/04/19 00:00:00.000,68.25,,,158,,,A,0.0,,NIL,0
176302,N48291,Create Fine,2003/04/19 00:00:00.000,2003/04/19 00:00:00.000,33.6,,,157,,,A,0.0,,NIL,0
158677,N41187,Payment,2003/04/19 00:00:00.000,2003/04/19 00:00:00.000,65.5,32.0,10.0,157,P,,A,32.0,N,NIL,0
170763,N45872,Add penalty,2003/04/19 00:00:00.000,2003/04/19 00:00:00.000,65.5,,15.16,157,P,,A,0.0,N,NIL,0
176309,N48293,Create Fine,2003/04/19 00:00:00.000,2003/04/19 00:00:00.000,33.6,,,157,,,A,0.0,,NIL,0
176760,N48506,Create Fine,2003/04/19 00:00:00.000,2003/04/19 00:00:00.000,33.6,,,157,,,A,0.0,,NIL,0
176765,N48507,Create Fine,2003/04/19 00:00:00.000,2003/04/19 00:00:00.000,33.6,,,157,,,A,0.0,,NIL,0
176528,N48388,Create Fine,2003/04/19 00:00:00.000,2003/04/19 00:00:00.000,33.6,,,157,,,A,0.0,,NIL,0
176530,N48389,Create Fine,2003/04/19 00:00:00.000,2003/04/19 00:00:00.000,19.95,,,7,,,A,0.0,,NIL,0
488123,S72575,Payment,2003/04/19 00:00:00.000,2003/04/19 00:00:00.000,65.5,42.0,10.0,157,P,,A,42.0,N,NIL,0
503775,S79984,Create Fine,2003/04/19 00:00:00.000,2003/04/19 00:00:00.000,68.25,,,41,,,A,0.0,,NIL,0
176304,N48292,Create Fine,2003/04/19 00:00:00.000,2003/04/19 00:00:00.000,33.6,,,157,,,A,0.0,,NIL,0
176770,N48512,Create Fine,2003/04/19 00:00:00.000,2003/04/19 00:00:00.000,33.6,,,157,,,A,0.0,,NIL,0
176775,N48513,Create Fine,2003/04/19 00:00:00.000,2003/04/19 00:00:00.000,33.6,,,157,,,A,0.0,,NIL,0
176777,N48514,Create Fine,2003/04/19 00:00:00.000,2003/04/19 00:00:00.000,33.6,,,157,,,A,0.0,,NIL,0
176526,N48386,Create Fine,2003/04/19 00:00:00.000,2003/04/19 00:00:00.000,33.6,,,157,,,A,0.0,,NIL,0
176781,N48517,Create Fine,2003/04/19 00:00:00.000,2003/04/19 00:00:00.000,19.95,,,7,,,A,0.0,,NIL,0
534921,V10500,Payment,2003/04/19 00:00:00.000,2003/04/19 00:00:00.000,262.0,141.0,10.0,142,P,,A,141.0,N,NIL,0
504328,S80356,Create Fine,2003/04/19 00:00:00.000,2003/04/19 00:00:00.000,33.6,,,158,,,A,0.0,,NIL,0
87486,C15025,Send Fine,2003/04/19 00:00:00.000,2003/04/19 00:00:00.000,68.25,,0.0,158,,,A,0.0,,NIL,0
176516,N48384,Create Fine,2003/04/19 00:00:00.000,2003/04/19 00:00:00.000,33.6,,,157,,,A,0.0,,NIL,0
87487,C15025,Insert Fine Notification,2003/04/19 00:00:00.000,2003/04/19 00:00:00.000,68.25,,0.0,158,P,,A,0.0,N,NIL,0
504326,S80355,Create Fine,2003/04/19 00:00:00.000,2003/04/19 00:00:00.000,33.6,,,157,,,A,0.0,,NIL,0
176514,N48382,Create Fine,2003/04/19 00:00:00.000,2003/04/19 00:00:00.000,33.6,,,157,,,A,0.0,,NIL,0
158694,N41191,Payment,2003/04/19 00:00:00.000,2003/04/19 00:00:00.000,65.5,10.0,10.0,157,P,,A,42.0,N,NIL,0
504062,S80222,Create Fine,2003/04/20 00:00:00.000,2003/04/20 00:00:00.000,68.25,,,158,,,A,0.0,,NIL,0
501719,S78715,Create Fine,2003/04/20 00:00:00.000,2003/04/20 00:00:00.000,33.6,,,158,,,A,0.0,,NIL,0
504064,S80224,Create Fine,2003/04/20 00:00:00.000,2003/04/20 00:00:00.000,33.6,,,7,,,A,0.0,,NIL,0
501730,S78718,Create Fine,2003/04/20 00:00:00.000,2003/04/20 00:00:00.000,33.6,,,7,,,A,0.0,,NIL,0
501725,S78716,Create Fine,2003/04/20 00:00:00.000,2003/04/20 00:00:00.000,33.6,,,7,,,A,0.0,,NIL,0
504070,S80225,Create Fine,2003/04/20 00:00:00.000,2003/04/20 00:00:00.000,33.6,,,7,,,A,0.0,,NIL,0
536980,V11617,Create Fine,2003/04/22 00:00:00.000,2003/04/22 00:00:00.000,137.55,,,142,,,A,0.0,,NIL,0
536885,V11590,Create Fine,2003/04/22 00:00:00.000,2003/04/22 00:00:00.000,137.55,,,142,,,A,0.0,,NIL,0
536938,V11606,Create Fine,2003/04/22 00:00:00.000,2003/04/22 00:00:00.000,137.55,,,142,,,A,0.0,,NIL,0
171002,N45973,Receive Result Appeal from Prefecture,2003/04/22 00:00:00.000,2003/04/22 00:00:00.000,65.5,,16.0,157,P,,A,0.0,N,NIL,0
536854,V11579,Create Fine,2003/04/22 00:00:00.000,2003/04/22 00:00:00.000,137.55,,,142,,,A,0.0,,NIL,0
496851,S76183,Payment,2003/04/22 00:00:00.000,2003/04/22 00:00:00.000,65.5,42.0,10.0,157,P,,A,42.0,N,NIL,0
536879,V11588,Create Fine,2003/04/22 00:00:00.000,2003/04/22 00:00:00.000,137.55,,,142,,,A,0.0,,NIL,0
536956,V11612,Create Fine,2003/04/22 00:00:00.000,2003/04/22 00:00:00.000,137.55,,,142,,,A,0.0,,NIL,0
536975,V11615,Create Fine,2003/04/22 00:00:00.000,2003/04/22 00:00:00.000,137.55,,,142,,,A,0.0,,NIL,0
536935,V11605,Create Fine,2003/04/22 00:00:00.000,2003/04/22 00:00:00.000,137.55,,,142,,,A,0.0,,NIL,0
495095,S75463,Receive Result Appeal from Prefecture,2003/04/22 00:00:00.000,2003/04/22 00:00:00.000,65.5,,16.0,7,P,,A,0.0,N,NIL,0
536870,V11582,Create Fine,2003/04/22 00:00:00.000,2003/04/22 00:00:00.000,137.55,,,142,,,A,0.0,,NIL,0
176311,N48294,Create Fine,2003/04/22 00:00:00.000,2003/04/22 00:00:00.000,33.6,,,157,,,A,0.0,,NIL,0
536896,V11592,Create Fine,2003/04/22 00:00:00.000,2003/04/22 00:00:00.000,137.55,,,142,,,A,0.0,,NIL,0
430838,S43186,Create Fine,2003/04/22 00:00:00.000,2003/04/22 00:00:00.000,33.6,,,158,,,A,0.0,,NIL,0
431813,S44061,Receive Result Appeal from Prefecture,2003/04/22 00:00:00.000,2003/04/22 00:00:00.000,65.5,,16.0,158,P,,A,0.0,N,NIL,0
536915,V11598,Create Fine,2003/04/22 00:00:00.000,2003/04/22 00:00:00.000,137.55,,,142,,,A,0.0,,NIL,0
492215,S74232,Payment,2003/04/22 00:00:00.000,2003/04/22 00:00:00.000,65.5,77.0,13.0,7,P,,M,77.0,N,NIL,0
536920,V11600,Create Fine,2003/04/22 00:00:00.000,2003/04/22 00:00:00.000,137.55,,,142,,,A,0.0,,NIL,0
536965,V11613,Create Fine,2003/04/22 00:00:00.000,2003/04/22 00:00:00.000,137.55,,,142,,,A,0.0,,NIL,0
536945,V11610,Create Fine,2003/04/22 00:00:00.000,2003/04/22 00:00:00.000,137.55,,,142,,,A,0.0,,NIL,0
499434,S77336,Receive Result Appeal from Prefecture,2003/04/22 00:00:00.000,2003/04/22 00:00:00.000,65.5,,16.0,7,P,,A,0.0,N,NIL,0
536864,V11581,Create Fine,2003/04/22 00:00:00.000,2003/04/22 00:00:00.000,137.55,,,142,,,A,0.0,,NIL,0
500596,S77911,Payment,2003/04/22 00:00:00.000,2003/04/22 00:00:00.000,131.0,66.0,10.0,158,P,,A,141.0,N,NIL,0
171279,N46069,Receive Result Appeal from Prefecture,2003/04/22 00:00:00.000,2003/04/22 00:00:00.000,39.0,,16.0,7,P,,A,0.0,N,NIL,0
430833,S43185,Create Fine,2003/04/22 00:00:00.000,2003/04/22 00:00:00.000,68.25,,,158,,,A,0.0,,NIL,0
536940,V11608,Create Fine,2003/04/22 00:00:00.000,2003/04/22 00:00:00.000,137.55,,,142,,,A,0.0,,NIL,0
536970,V11614,Create Fine,2003/04/22 00:00:00.000,2003/04/22 00:00:00.000,137.55,,,142,,,A,0.0,,NIL,0
492084,S74183,Receive Result Appeal from Prefecture,2003/04/22 00:00:00.000,2003/04/22 00:00:00.000,131.0,,16.0,158,P,,A,0.0,N,NIL,0
536910,V11596,Create Fine,2003/04/22 00:00:00.000,2003/04/22 00:00:00.000,137.55,,,142,,,A,0.0,,NIL,0
536845,V11578,Create Fine,2003/04/22 00:00:00.000,2003/04/22 00:00:00.000,137.55,,,142,,,A,0.0,,NIL,0
536926,V11604,Create Fine,2003/04/22 00:00:00.000,2003/04/22 00:00:00.000,137.55,,,142,,,A,0.0,,NIL,0
176316,N48298,Create Fine,2003/04/22 00:00:00.000,2003/04/22 00:00:00.000,33.6,,,157,,,A,0.0,,NIL,0
536859,V11580,Create Fine,2003/04/22 00:00:00.000,2003/04/22 00:00:00.000,137.55,,,142,,,A,0.0,,NIL,0
536901,V11593,Create Fine,2003/04/22 00:00:00.000,2003/04/22 00:00:00.000,137.55,,,142,,,A,0.0,,NIL,0
536894,V11591,Create Fine,2003/04/22 00:00:00.000,2003/04/22 00:00:00.000,137.55,,,142,,,A,0.0,,NIL,0
536950,V11611,Create Fine,2003/04/22 00:00:00.000,2003/04/22 00:00:00.000,137.55,,,142,,,A,0.0,,NIL,0
533920,V10103,Receive Result Appeal from Prefecture,2003/04/22 00:00:00.000,2003/04/22 00:00:00.000,262.0,,16.0,142,P,,A,0.0,N,NIL,0
503415,S79745,Payment,2003/04/22 00:00:00.000,2003/04/22 00:00:00.000,33.6,33.6,,158,,,A,33.6,,NIL,0
513437,S86129,Payment,2003/04/22 00:00:00.000,2003/04/22 00:00:00.000,33.6,33.6,,158,,,A,33.6,,NIL,0
163839,N43141,Payment,2003/04/22 00:00:00.000,2003/04/22 00:00:00.000,65.5,33.5,10.0,157,P,,A,75.5,N,NIL,0
504076,S80226,Create Fine,2003/04/22 00:00:00.000,2003/04/22 00:00:00.000,68.25,,,158,,,A,0.0,,NIL,0
170314,N45680,Receive Result Appeal from Prefecture,2003/04/22 00:00:00.000,2003/04/22 00:00:00.000,65.5,,16.0,157,P,,A,0.0,N,NIL,0
504078,S80228,Create Fine,2003/04/22 00:00:00.000,2003/04/22 00:00:00.000,33.6,,,158,,,A,0.0,,NIL,0
176779,N48516,Create Fine,2003/04/22 00:00:00.000,2003/04/22 00:00:00.000,33.6,,,157,,,A,0.0,,NIL,0
534603,V10373,Payment,2003/04/22 00:00:00.000,2003/04/22 00:00:00.000,262.0,141.0,10.0,142,P,,A,282.0,N,NIL,0
503774,S79983,Payment,2003/04/22 00:00:00.000,2003/04/22 00:00:00.000,33.6,33.6,,158,,,A,33.6,,NIL,0
170160,N45627,Receive Result Appeal from Prefecture,2003/04/22 00:00:00.000,2003/04/22 00:00:00.000,65.5,,16.0,157,P,,A,0.0,N,NIL,0
177410,N48810,Create Fine,2003/04/23 00:00:00.000,2003/04/23 00:00:00.000,19.95,,,7,,,A,0.0,,NIL,0
431521,S43805,Add penalty,2003/04/23 00:00:00.000,2003/04/23 00:00:00.000,65.5,,10.0,158,P,,A,0.0,N,NIL,0
177388,N48802,Create Fine,2003/04/23 00:00:00.000,2003/04/23 00:00:00.000,33.6,,,157,,,A,0.0,,NIL,0
560359,V9576,Notify Result Appeal to Offender,2003/04/23 00:00:00.000,2003/04/23 00:00:00.000,262.0,,15.16,142,P,,A,0.0,N,NIL,0
176570,N48408,Create Fine,2003/04/23 00:00:00.000,2003/04/23 00:00:00.000,33.6,,,157,,,A,0.0,,NIL,0
176585,N48413,Create Fine,2003/04/23 00:00:00.000,2003/04/23 00:00:00.000,19.95,,,7,,,A,0.0,,NIL,0
537015,V11644,Create Fine,2003/04/23 00:00:00.000,2003/04/23 00:00:00.000,137.55,,,142,,,A,0.0,,NIL,0
176565,N48406,Create Fine,2003/04/23 00:00:00.000,2003/04/23 00:00:00.000,33.6,,,157,,,A,0.0,,NIL,0
537020,V11646,Create Fine,2003/04/23 00:00:00.000,2003/04/23 00:00:00.000,137.55,,,142,,,A,0.0,,NIL,0
537010,V11643,Create Fine,2003/04/23 00:00:00.000,2003/04/23 00:00:00.000,137.55,,,142,,,M,0.0,,NIL,0
537005,V11640,Create Fine,2003/04/23 00:00:00.000,2003/04/23 00:00:00.000,137.55,,,142,,,A,0.0,,NIL,0
176575,N48409,Create Fine,2003/04/23 00:00:00.000,2003/04/23 00:00:00.000,33.6,,,157,,,A,0.0,,NIL,0
536999,V11638,Create Fine,2003/04/23 00:00:00.000,2003/04/23 00:00:00.000,137.55,,,142,,,A,0.0,,NIL,0
536993,V11636,Create Fine,2003/04/23 00:00:00.000,2003/04/23 00:00:00.000,137.55,,,142,,,A,0.0,,NIL,0
164042,N43226,Notify Result Appeal to Offender,2003/04/23 00:00:00.000,2003/04/23 00:00:00.000,65.5,,13.0,157,P,,A,0.0,N,NIL,0
176318,N48300,Create Fine,2003/04/23 00:00:00.000,2003/04/23 00:00:00.000,33.6,,,157,,,A,0.0,,NIL,0
176580,N48412,Create Fine,2003/04/23 00:00:00.000,2003/04/23 00:00:00.000,19.95,,,7,,,A,0.0,,NIL,0
536982,V11633,Create Fine,2003/04/23 00:00:00.000,2003/04/23 00:00:00.000,137.55,,,142,,,A,0.0,,NIL,0
504330,S80360,Create Fine,2003/04/23 00:00:00.000,2003/04/23 00:00:00.000,33.6,,,157,,,A,0.0,,NIL,0
177415,N48811,Create Fine,2003/04/23 00:00:00.000,2003/04/23 00:00:00.000,19.95,,,7,,,A,0.0,,NIL,0
513522,S86177,Create Fine,2003/04/23 00:00:00.000,2003/04/23 00:00:00.000,33.6,,,157,,,A,0.0,,NIL,0
513524,S86178,Create Fine,2003/04/23 00:00:00.000,2003/04/23 00:00:00.000,33.6,,,157,,,A,0.0,,NIL,0
487986,S72506,Create Fine,2003/04/23 00:00:00.000,2003/04/23 00:00:00.000,33.6,,,7,,,A,0.0,,NIL,0
495581,S75671,Notify Result Appeal to Offender,2003/04/23 00:00:00.000,2003/04/23 00:00:00.000,65.5,,13.0,7,P,,M,0.0,N,NIL,0
177383,N48801,Create Fine,2003/04/23 00:00:00.000,2003/04/23 00:00:00.000,33.6,,,157,,,A,0.0,,NIL,0
176783,N48518,Create Fine,2003/04/23 00:00:00.000,2003/04/23 00:00:00.000,33.6,,,157,,,A,0.0,,NIL,0
503298,S79677,Add penalty,2003/04/23 00:00:00.000,2003/04/23 00:00:00.000,130.0,,10.0,158,P,,A,0.0,N,NIL,0
177404,N48806,Create Fine,2003/04/24 00:00:00.000,2003/04/24 00:00:00.000,33.6,,,157,,,A,0.0,,NIL,0
176541,N48392,Create Fine,2003/04/24 00:00:00.000,2003/04/24 00:00:00.000,33.6,,,157,,,A,0.0,,NIL,0
176536,N48391,Create Fine,2003/04/24 00:00:00.000,2003/04/24 00:00:00.000,33.6,,,157,,,A,0.0,,NIL,0
176529,N48388,Payment,2003/04/24 00:00:00.000,2003/04/24 00:00:00.000,33.6,33.6,,157,,,A,33.6,,NIL,0
168281,N44834,Payment,2003/04/24 00:00:00.000,2003/04/24 00:00:00.000,65.5,48.66,15.16,157,P,,A,80.66,N,NIL,0
157173,N40494,Payment,2003/04/24 00:00:00.000,2003/04/24 00:00:00.000,33.6,33.6,,157,,,A,33.6,,NIL,0
87522,C15038,Insert Fine Notification,2003/04/24 00:00:00.000,2003/04/24 00:00:00.000,33.6,,0.0,7,P,,A,0.0,N,NIL,0
87521,C15038,Send Fine,2003/04/24 00:00:00.000,2003/04/24 00:00:00.000,33.6,,0.0,7,,,A,0.0,,NIL,0
495210,S75516,Notify Result Appeal to Offender,2003/04/24 00:00:00.000,2003/04/24 00:00:00.000,65.5,,13.0,7,P,,A,0.0,N,NIL,0
495288,S75544,Notify Result Appeal to Offender,2003/04/24 00:00:00.000,2003/04/24 00:00:00.000,65.5,,13.0,7,P,,A,0.0,N,NIL,0
503304,S79678,Payment,2003/04/24 00:00:00.000,2003/04/24 00:00:00.000,65.5,42.0,15.16,7,P,,A,42.0,N,NIL,0
87520,C15038,Create Fine,2003/04/24 00:00:00.000,2003/04/24 00:00:00.000,33.6,,,7,,,A,0.0,,NIL,0
176310,N48293,Payment,2003/04/24 00:00:00.000,2003/04/24 00:00:00.000,33.6,33.6,,157,,,A,33.6,,NIL,0
475280,S66382,Payment,2003/04/24 00:00:00.000,2003/04/24 00:00:00.000,33.6,33.6,,7,,,A,33.6,,NIL,0
513529,S86182,Create Fine,2003/04/24 00:00:00.000,2003/04/24 00:00:00.000,68.25,,,41,,,A,0.0,,NIL,0
166228,N44015,Notify Result Appeal to Offender,2003/04/24 00:00:00.000,2003/04/24 00:00:00.000,65.5,,13.0,157,P,,A,0.0,N,NIL,0
177167,N48718,Create Fine,2003/04/24 00:00:00.000,2003/04/24 00:00:00.000,19.95,,,7,,,A,0.0,,NIL,0
177172,N48719,Create Fine,2003/04/24 00:00:00.000,2003/04/24 00:00:00.000,19.95,,,7,,,A,0.0,,NIL,0
431563,S43832,Payment,2003/04/24 00:00:00.000,2003/04/24 00:00:00.000,65.5,10.0,10.0,158,P,,A,42.0,N,NIL,0
177393,N48804,Create Fine,2003/04/24 00:00:00.000,2003/04/24 00:00:00.000,33.6,,,157,,,A,0.0,,NIL,0
141165,N33731,Payment,2003/04/24 00:00:00.000,2003/04/24 00:00:00.000,65.5,33.5,10.0,157,P,,A,75.5,N,NIL,0
87490,C15028,Create Fine,2003/04/24 00:00:00.000,2003/04/24 00:00:00.000,33.6,,,7,,,A,0.0,,NIL,0
497737,S76551,Payment,2003/04/24 00:00:00.000,2003/04/24 00:00:00.000,131.0,10.0,10.0,158,P,,A,75.0,N,NIL,0
177398,N48805,Create Fine,2003/04/24 00:00:00.000,2003/04/24 00:00:00.000,33.6,,,157,,,A,0.0,,NIL,0
503955,S80161,Payment,2003/04/24 00:00:00.000,2003/04/24 00:00:00.000,68.25,68.25,,158,,,A,68.25,,NIL,0
87126,C14830,Add penalty,2003/04/25 00:00:00.000,2003/04/25 00:00:00.000,68.77,,0.0,172,P,,A,0.0,N,NIL,0
504083,S80230,Create Fine,2003/04/25 00:00:00.000,2003/04/25 00:00:00.000,68.25,,,158,,,A,0.0,,NIL,0
430840,S43187,Create Fine,2003/04/25 00:00:00.000,2003/04/25 00:00:00.000,33.6,,,7,,,A,0.0,,NIL,0
448933,S54688,Create Fine,2003/04/26 00:00:00.000,2003/04/26 00:00:00.000,33.6,,,7,,,A,0.0,,NIL,0
513553,S86188,Create Fine,2003/04/26 00:00:00.000,2003/04/26 00:00:00.000,33.6,,,171,,,C,0.0,,NIL,0
177162,N48717,Create Fine,2003/04/26 00:00:00.000,2003/04/26 00:00:00.000,33.6,,,157,,,A,0.0,,NIL,0
513546,S86186,Create Fine,2003/04/26 00:00:00.000,2003/04/26 00:00:00.000,33.6,,,158,,,A,0.0,,NIL,0
513551,S86187,Create Fine,2003/04/26 00:00:00.000,2003/04/26 00:00:00.000,33.6,,,158,,,A,0.0,,NIL,0
165289,N43645,Payment,2003/04/26 00:00:00.000,2003/04/26 00:00:00.000,65.5,75.0,13.0,157,P,,A,75.0,N,NIL,0
177157,N48715,Create Fine,2003/04/26 00:00:00.000,2003/04/26 00:00:00.000,33.6,,,157,,,A,0.0,,NIL,0
177150,N48713,Create Fine,2003/04/26 00:00:00.000,2003/04/26 00:00:00.000,33.6,,,157,,,A,0.0,,NIL,0
177148,N48704,Create Fine,2003/04/26 00:00:00.000,2003/04/26 00:00:00.000,33.6,,,157,,,C,0.0,,NIL,0
177142,N48703,Create Fine,2003/04/26 00:00:00.000,2003/04/26 00:00:00.000,33.6,,,157,,,A,0.0,,NIL,0
168849,N45114,Payment,2003/04/26 00:00:00.000,2003/04/26 00:00:00.000,65.5,33.5,10.0,157,P,,A,75.5,N,NIL,0
560265,V9533,Payment,2003/04/26 00:00:00.000,2003/04/26 00:00:00.000,262.0,131.0,15.16,142,P,,A,277.16,N,NIL,0
87604,C15074,Add penalty,2003/04/26 00:00:00.000,2003/04/26 00:00:00.000,68.77,,0.0,172,P,,A,0.0,N,NIL,0
168730,N45061,Payment,2003/04/26 00:00:00.000,2003/04/26 00:00:00.000,65.5,33.5,10.0,157,P,,A,75.5,N,NIL,0
513541,S86185,Create Fine,2003/04/26 00:00:00.000,2003/04/26 00:00:00.000,33.6,,,158,,,A,0.0,,NIL,0
177159,N48716,Create Fine,2003/04/26 00:00:00.000,2003/04/26 00:00:00.000,33.6,,,157,,,A,0.0,,NIL,0
502311,S79178,Create Fine,2003/04/26 00:00:00.000,2003/04/26 00:00:00.000,33.6,,,7,,,A,0.0,,NIL,0
513536,S86184,Create Fine,2003/04/26 00:00:00.000,2003/04/26 00:00:00.000,33.6,,,158,,,A,0.0,,NIL,0
513534,S86183,Create Fine,2003/04/26 00:00:00.000,2003/04/26 00:00:00.000,33.6,,,158,,,A,0.0,,NIL,0
494667,S75290,Payment,2003/04/26 00:00:00.000,2003/04/26 00:00:00.000,65.5,53.5,10.0,7,P,,A,75.5,N,NIL,0
176543,N48397,Create Fine,2003/04/26 00:00:00.000,2003/04/26 00:00:00.000,33.6,,,157,,,A,0.0,,NIL,0
176545,N48399,Create Fine,2003/04/26 00:00:00.000,2003/04/26 00:00:00.000,33.6,,,157,,,A,0.0,,NIL,0
87225,C14903,Add penalty,2003/04/26 00:00:00.000,2003/04/26 00:00:00.000,68.77,,0.0,172,P,,A,0.0,N,NIL,0
177155,N48714,Create Fine,2003/04/26 00:00:00.000,2003/04/26 00:00:00.000,33.6,,,157,,,A,0.0,,NIL,0
513720,S86281,Create Fine,2003/04/27 00:00:00.000,2003/04/27 00:00:00.000,33.6,,,157,,,A,0.0,,NIL,0
504351,S80366,Create Fine,2003/04/27 00:00:00.000,2003/04/27 00:00:00.000,33.6,,,158,,,A,0.0,,NIL,0
513724,S86283,Create Fine,2003/04/27 00:00:00.000,2003/04/27 00:00:00.000,68.25,,,158,,,A,0.0,,NIL,0
504346,S80365,Create Fine,2003/04/27 00:00:00.000,2003/04/27 00:00:00.000,33.6,,,158,,,A,0.0,,NIL,0
513722,S86282,Create Fine,2003/04/27 00:00:00.000,2003/04/27 00:00:00.000,33.6,,,157,,,A,0.0,,NIL,0
504344,S80364,Create Fine,2003/04/27 00:00:00.000,2003/04/27 00:00:00.000,33.6,,,158,,,A,0.0,,NIL,0
504339,S80362,Create Fine,2003/04/27 00:00:00.000,2003/04/27 00:00:00.000,33.6,,,158,,,A,0.0,,NIL,0
87518,C15037,Add penalty,2003/04/27 00:00:00.000,2003/04/27 00:00:00.000,68.77,,0.0,180,P,,A,0.0,N,NIL,0
169274,N45295,Notify Result Appeal to Offender,2003/04/28 00:00:00.000,2003/04/28 00:00:00.000,65.5,,13.0,157,P,,A,0.0,N,NIL,0
170052,N45590,Payment,2003/04/28 00:00:00.000,2003/04/28 00:00:00.000,65.5,42.0,10.0,157,P,,A,42.0,N,NIL,0
502043,S78962,Payment,2003/04/28 00:00:00.000,2003/04/28 00:00:00.000,33.6,33.6,,7,,,A,33.6,,NIL,0
163070,N42888,Payment,2003/04/28 00:00:00.000,2003/04/28 00:00:00.000,65.5,28.34,10.0,157,P,,A,75.5,N,NIL,0
503872,S80069,Create Fine,2003/04/28 00:00:00.000,2003/04/28 00:00:00.000,33.6,,,7,,,A,0.0,,NIL,0
171151,N46028,Payment,2003/04/28 00:00:00.000,2003/04/28 00:00:00.000,65.5,5.16,15.16,157,P,,A,47.16,N,NIL,0
176176,N48244,Payment,2003/04/28 00:00:00.000,2003/04/28 00:00:00.000,33.6,33.6,,157,,,A,33.6,,NIL,0
171450,N46146,Payment,2003/04/28 00:00:00.000,2003/04/28 00:00:00.000,32.0,32.0,,157,,,A,32.0,,NIL,0
171062,N45995,Payment,2003/04/28 00:00:00.000,2003/04/28 00:00:00.000,65.5,5.16,15.16,157,P,,A,47.16,N,NIL,0
487991,S72507,Create Fine,2003/04/28 00:00:00.000,2003/04/28 00:00:00.000,33.6,,,158,,,A,0.0,,NIL,0
513342,S86074,Payment,2003/04/28 00:00:00.000,2003/04/28 00:00:00.000,33.6,33.6,,7,,,A,33.6,,NIL,0
163516,N43043,Payment,2003/04/28 00:00:00.000,2003/04/28 00:00:00.000,65.5,28.34,10.0,157,P,,A,75.5,N,NIL,0
176788,N48521,Create Fine,2003/04/28 00:00:00.000,2003/04/28 00:00:00.000,33.6,,,157,,,A,0.0,,NIL,0
176790,N48522,Create Fine,2003/04/28 00:00:00.000,2003/04/28 00:00:00.000,33.6,,,157,,,A,0.0,,NIL,0
176792,N48523,Create Fine,2003/04/28 00:00:00.000,2003/04/28 00:00:00.000,33.6,,,157,,,A,0.0,,NIL,0
176797,N48524,Create Fine,2003/04/28 00:00:00.000,2003/04/28 00:00:00.000,33.6,,,157,,,A,0.0,,NIL,0
176809,N48530,Create Fine,2003/04/28 00:00:00.000,2003/04/28 00:00:00.000,19.95,,,7,,,A,0.0,,NIL,0
86729,C14588,Add penalty,2003/04/28 00:00:00.000,2003/04/28 00:00:00.000,137.55,,0.0,158,P,,A,0.0,N,NIL,0
533836,V10067,Notify Result Appeal to Offender,2003/04/28 00:00:00.000,2003/04/28 00:00:00.000,655.5,,13.0,142,P,,A,0.0,N,NIL,0
504088,S80232,Create Fine,2003/04/28 00:00:00.000,2003/04/28 00:00:00.000,68.25,,,158,,,M,0.0,,NIL,0
430839,S43186,Payment,2003/04/28 00:00:00.000,2003/04/28 00:00:00.000,33.6,33.6,,158,,,A,33.6,,NIL,0
556867,V8169,Payment,2003/04/28 00:00:00.000,2003/04/28 00:00:00.000,262.4,13.79,6.71,142,P,0.0,A,68.95,N,NIL,0
177427,N48815,Create Fine,2003/04/28 00:00:00.000,2003/04/28 00:00:00.000,33.6,,,157,,,A,0.0,,NIL,0
177422,N48813,Create Fine,2003/04/28 00:00:00.000,2003/04/28 00:00:00.000,33.6,,,157,,,A,0.0,,NIL,0
176590,N48415,Create Fine,2003/04/28 00:00:00.000,2003/04/28 00:00:00.000,33.6,,,157,,,A,0.0,,NIL,0
176595,N48416,Create Fine,2003/04/28 00:00:00.000,2003/04/28 00:00:00.000,33.6,,,157,,,A,0.0,,NIL,0
177417,N48812,Create Fine,2003/04/28 00:00:00.000,2003/04/28 00:00:00.000,33.6,,,158,,,A,0.0,,NIL,0
537134,V11683,Create Fine,2003/04/29 00:00:00.000,2003/04/29 00:00:00.000,137.55,,,142,,,A,0.0,,NIL,0
537082,V11663,Create Fine,2003/04/29 00:00:00.000,2003/04/29 00:00:00.000,137.55,,,142,,,A,0.0,,NIL,0
537144,V11685,Create Fine,2003/04/29 00:00:00.000,2003/04/29 00:00:00.000,137.55,,,142,,,A,0.0,,NIL,0
176602,N48422,Create Fine,2003/04/29 00:00:00.000,2003/04/29 00:00:00.000,33.6,,,157,,,A,0.0,,NIL,0
537035,V11649,Create Fine,2003/04/29 00:00:00.000,2003/04/29 00:00:00.000,137.55,,,142,,,A,0.0,,NIL,0
504117,S80254,Create Fine,2003/04/29 00:00:00.000,2003/04/29 00:00:00.000,33.6,,,7,,,A,0.0,,NIL,0
537103,V11670,Create Fine,2003/04/29 00:00:00.000,2003/04/29 00:00:00.000,137.55,,,142,,,A,0.0,,NIL,0
537047,V11653,Create Fine,2003/04/29 00:00:00.000,2003/04/29 00:00:00.000,137.55,,,142,,,A,0.0,,NIL,0
537087,V11666,Create Fine,2003/04/29 00:00:00.000,2003/04/29 00:00:00.000,137.55,,,142,,,A,0.0,,NIL,0
167370,N44417,Payment,2003/04/29 00:00:00.000,2003/04/29 00:00:00.000,65.5,42.0,10.0,157,P,,A,42.0,N,NIL,0
504118,S80254,Payment,2003/04/29 00:00:00.000,2003/04/29 00:00:00.000,33.6,33.6,,7,,,A,33.6,,NIL,0
537052,V11654,Create Fine,2003/04/29 00:00:00.000,2003/04/29 00:00:00.000,137.55,,,142,,,A,0.0,,NIL,0
537149,V11686,Create Fine,2003/04/29 00:00:00.000,2003/04/29 00:00:00.000,137.55,,,142,,,A,0.0,,NIL,0
537108,V11671,Create Fine,2003/04/29 00:00:00.000,2003/04/29 00:00:00.000,137.55,,,142,,,A,0.0,,NIL,0
176802,N48527,Create Fine,2003/04/29 00:00:00.000,2003/04/29 00:00:00.000,33.6,,,157,,,A,0.0,,NIL,0
504119,S80256,Create Fine,2003/04/29 00:00:00.000,2003/04/29 00:00:00.000,33.6,,,7,,,A,0.0,,NIL,0
537151,V11687,Create Fine,2003/04/29 00:00:00.000,2003/04/29 00:00:00.000,137.55,,,142,,,A,0.0,,NIL,0
537118,V11680,Create Fine,2003/04/29 00:00:00.000,2003/04/29 00:00:00.000,137.55,,,142,,,A,0.0,,NIL,0
537073,V11662,Create Fine,2003/04/29 00:00:00.000,2003/04/29 00:00:00.000,137.55,,,142,,,A,0.0,,NIL,0
537030,V11648,Create Fine,2003/04/29 00:00:00.000,2003/04/29 00:00:00.000,137.55,,,142,,,A,0.0,,NIL,0
537025,V11647,Create Fine,2003/04/29 00:00:00.000,2003/04/29 00:00:00.000,137.55,,,142,,,A,0.0,,NIL,0
537113,V11674,Create Fine,2003/04/29 00:00:00.000,2003/04/29 00:00:00.000,137.55,,,142,,,A,0.0,,NIL,0
537064,V11661,Create Fine,2003/04/29 00:00:00.000,2003/04/29 00:00:00.000,137.55,,,142,,,A,0.0,,NIL,0
537062,V11660,Create Fine,2003/04/29 00:00:00.000,2003/04/29 00:00:00.000,137.55,,,142,,,A,0.0,,NIL,0
537057,V11657,Create Fine,2003/04/29 00:00:00.000,2003/04/29 00:00:00.000,137.55,,,142,,,A,0.0,,NIL,0
86734,C14589,Add penalty,2003/04/29 00:00:00.000,2003/04/29 00:00:00.000,68.77,,0.0,180,P,,A,0.0,N,NIL,0
86839,C14663,Payment,2003/04/29 00:00:00.000,2003/04/29 00:00:00.000,65.5,33.6,0.0,171,P,,C,33.6,N,NIL,0
513564,S86191,Create Fine,2003/04/29 00:00:00.000,2003/04/29 00:00:00.000,33.6,,,7,,,M,0.0,,NIL,0
448935,S54690,Create Fine,2003/04/29 00:00:00.000,2003/04/29 00:00:00.000,68.25,,,158,,,A,0.0,,NIL,0
560329,V9560,Notify Result Appeal to Offender,2003/04/29 00:00:00.000,2003/04/29 00:00:00.000,262.0,,13.0,142,P,,A,0.0,N,NIL,0
176607,N48424,Create Fine,2003/04/29 00:00:00.000,2003/04/29 00:00:00.000,33.6,,,157,,,A,0.0,,NIL,0
537139,V11684,Create Fine,2003/04/29 00:00:00.000,2003/04/29 00:00:00.000,137.55,,,142,,,A,0.0,,NIL,0
177432,N48819,Create Fine,2003/04/29 00:00:00.000,2003/04/29 00:00:00.000,33.6,,,157,,,A,0.0,,NIL,0
537129,V11682,Create Fine,2003/04/29 00:00:00.000,2003/04/29 00:00:00.000,137.55,,,142,,,A,0.0,,NIL,0
537097,V11668,Create Fine,2003/04/29 00:00:00.000,2003/04/29 00:00:00.000,137.55,,,142,,,A,0.0,,NIL,0
176621,N48435,Create Fine,2003/04/29 00:00:00.000,2003/04/29 00:00:00.000,19.95,,,7,,,A,0.0,,NIL,0
87599,C15073,Add penalty,2003/04/29 00:00:00.000,2003/04/29 00:00:00.000,137.55,,0.0,158,P,,A,0.0,N,NIL,0
176600,N48418,Create Fine,2003/04/29 00:00:00.000,2003/04/29 00:00:00.000,33.6,,,157,,,A,0.0,,NIL,0
177436,N48822,Create Fine,2003/04/29 00:00:00.000,2003/04/29 00:00:00.000,33.6,,,157,,,A,0.0,,NIL,0
537092,V11667,Create Fine,2003/04/29 00:00:00.000,2003/04/29 00:00:00.000,137.55,,,142,,,A,0.0,,NIL,0
537124,V11681,Create Fine,2003/04/29 00:00:00.000,2003/04/29 00:00:00.000,137.55,,,142,,,A,0.0,,NIL,0
177177,N48721,Create Fine,2003/04/29 00:00:00.000,2003/04/29 00:00:00.000,33.6,,,157,,,A,0.0,,NIL,0
513559,S86189,Create Fine,2003/04/29 00:00:00.000,2003/04/29 00:00:00.000,33.6,,,171,,,C,0.0,,NIL,0
176804,N48529,Create Fine,2003/04/29 00:00:00.000,2003/04/29 00:00:00.000,33.6,,,157,,,A,0.0,,NIL,0
537045,V11652,Create Fine,2003/04/29 00:00:00.000,2003/04/29 00:00:00.000,137.55,,,142,,,A,0.0,,NIL,0
176544,N48397,Payment,2003/04/29 00:00:00.000,2003/04/29 00:00:00.000,33.6,33.6,,157,,,A,33.6,,NIL,0
537040,V11651,Create Fine,2003/04/29 00:00:00.000,2003/04/29 00:00:00.000,137.55,,,142,,,A,0.0,,NIL,0
177434,N48820,Create Fine,2003/04/29 00:00:00.000,2003/04/29 00:00:00.000,33.6,,,157,,,A,0.0,,NIL,0
537179,V11698,Create Fine,2003/04/30 00:00:00.000,2003/04/30 00:00:00.000,137.55,,,142,,,A,0.0,,NIL,0
487974,S72503,Payment,2003/04/30 00:00:00.000,2003/04/30 00:00:00.000,68.25,68.25,,158,,,A,68.25,,NIL,0
177462,N48829,Create Fine,2003/04/30 00:00:00.000,2003/04/30 00:00:00.000,19.95,,,7,,,A,0.0,,NIL,0
176611,N48429,Create Fine,2003/04/30 00:00:00.000,2003/04/30 00:00:00.000,33.6,,,157,,,A,0.0,,NIL,0
176613,N48432,Create Fine,2003/04/30 00:00:00.000,2003/04/30 00:00:00.000,33.6,,,157,,,A,0.0,,NIL,0
492518,S74363,Payment,2003/04/30 00:00:00.000,2003/04/30 00:00:00.000,65.5,33.5,10.0,158,P,,A,75.5,N,NIL,0
559499,V9212,Payment,2003/04/30 00:00:00.000,2003/04/30 00:00:00.000,262.0,144.0,13.0,142,P,,A,144.0,N,NIL,0
504121,S80258,Create Fine,2003/04/30 00:00:00.000,2003/04/30 00:00:00.000,33.6,,,158,,,C,0.0,,NIL,0
90890,C17520,Insert Fine Notification,2003/04/30 00:00:00.000,2003/04/30 00:00:00.000,655.0,,10.0,21,P,,A,0.0,N,NIL,0
537173,V11696,Create Fine,2003/04/30 00:00:00.000,2003/04/30 00:00:00.000,137.55,,,142,,,A,0.0,,NIL,0
90889,C17520,Send Fine,2003/04/30 00:00:00.000,2003/04/30 00:00:00.000,655.0,,10.0,21,,,A,0.0,,NIL,0
86739,C14591,Add penalty,2003/04/30 00:00:00.000,2003/04/30 00:00:00.000,68.77,,0.0,172,P,,A,0.0,N,NIL,0
175928,N48129,Payment,2003/04/30 00:00:00.000,2003/04/30 00:00:00.000,19.95,19.95,,7,,,A,19.95,,NIL,0
87508,C15033,Add penalty,2003/04/30 00:00:00.000,2003/04/30 00:00:00.000,68.77,,0.0,180,P,,A,0.0,N,NIL,0
504120,S80256,Payment,2003/04/30 00:00:00.000,2003/04/30 00:00:00.000,33.6,33.6,,7,,,A,33.6,,NIL,0
537168,V11694,Create Fine,2003/04/30 00:00:00.000,2003/04/30 00:00:00.000,137.55,,,142,,,A,0.0,,NIL,0
504123,S80259,Create Fine,2003/04/30 00:00:00.000,2003/04/30 00:00:00.000,33.6,,,158,,,M,0.0,,NIL,0
513575,S86195,Create Fine,2003/04/30 00:00:00.000,2003/04/30 00:00:00.000,33.6,,,157,,,C,0.0,,NIL,0
177441,N48823,Create Fine,2003/04/30 00:00:00.000,2003/04/30 00:00:00.000,33.6,,,157,,,A,0.0,,NIL,0
177446,N48824,Create Fine,2003/04/30 00:00:00.000,2003/04/30 00:00:00.000,33.6,,,157,,,A,0.0,,NIL,0
534864,V10475,Send Appeal to Prefecture,2003/04/30 00:00:00.000,2003/04/30 00:00:00.000,262.0,,15.16,142,P,,A,0.0,N,#,0
475281,S66384,Create Fine,2003/04/30 00:00:00.000,2003/04/30 00:00:00.000,33.6,,,7,,,A,0.0,,NIL,0
177457,N48828,Create Fine,2003/04/30 00:00:00.000,2003/04/30 00:00:00.000,19.95,,,7,,,A,0.0,,NIL,0
177208,N48730,Create Fine,2003/04/30 00:00:00.000,2003/04/30 00:00:00.000,19.95,,,7,,,A,0.0,,NIL,0
502851,S79424,Payment,2003/04/30 00:00:00.000,2003/04/30 00:00:00.000,33.6,33.6,,7,,,A,33.6,,NIL,0
537156,V11688,Create Fine,2003/04/30 00:00:00.000,2003/04/30 00:00:00.000,137.55,,,142,,,A,0.0,,NIL,0
177179,N48722,Create Fine,2003/04/30 00:00:00.000,2003/04/30 00:00:00.000,33.6,,,157,,,A,0.0,,NIL,0
86744,C14592,Add penalty,2003/04/30 00:00:00.000,2003/04/30 00:00:00.000,68.77,,0.0,172,C,,A,0.0,N,NIL,0
177451,N48826,Create Fine,2003/04/30 00:00:00.000,2003/04/30 00:00:00.000,33.6,,,157,,,A,0.0,,NIL,0
176454,N48352,Payment,2003/04/30 00:00:00.000,2003/04/30 00:00:00.000,19.95,19.95,,7,,,A,19.95,,NIL,0
490771,S73642,Notify Result Appeal to Offender,2003/04/30 00:00:00.000,2003/04/30 00:00:00.000,65.5,,13.0,7,P,,A,0.0,N,NIL,0
177184,N48723,Create Fine,2003/04/30 00:00:00.000,2003/04/30 00:00:00.000,33.6,,,157,,,A,0.0,,NIL,0
537162,V11691,Create Fine,2003/04/30 00:00:00.000,2003/04/30 00:00:00.000,137.55,,,142,,,A,0.0,,NIL,0
504125,S80261,Create Fine,2003/04/30 00:00:00.000,2003/04/30 00:00:00.000,33.6,,,157,,,M,0.0,,NIL,0
513570,S86193,Create Fine,2003/04/30 00:00:00.000,2003/04/30 00:00:00.000,33.6,,,171,,,M,0.0,,NIL,0
504127,S80262,Create Fine,2003/04/30 00:00:00.000,2003/04/30 00:00:00.000,33.6,,,157,,,C,0.0,,NIL,0
